女性美容食谱-苦瓜美容中药药膳汤,〖 来 源 〗： 民间食疗方
〖 原 料 〗： 鲜苦瓜250克，瘦猪肉100克。

〖 制 作 〗： 苦瓜去瓤切块，猪肉切片，同放锅内加适量水煮美容
中药
药膳汤，煮熟后加适量盐调味食用。

〖 说 明 〗： 此美容中药药膳汤有清热解暑，明目去毒的作用，适宜于暑热烦渴、暑疖、热痱过多、眼
结膜炎
等症。
白芷的美容功效有哪些,
《
神农本草经
》谓白芷“长肌肤，润泽颜色，可作面脂”，是历代医家都喜欢用的
美容
药材
。白芷的功效分为：白芷的药用功效和美容功效两个方面，另外自制白芷
美白
面膜
，可以有效果帮助
女性
美白
护肤
，让肌肤变得更加白皙嫩滑。

白芷的药用功效


中医
认为，白芷味辛，性温；归肺、胃、大肠经；芳香升散；具有祛风解表，散寒止痛，除湿通窍，消肿排脓的功效；主治风寒
感冒
，头痛，眉棱骨痛，齿痛，目痒泪出，鼻塞，鼻渊，湿盛久泻，肠风痔漏，赤
白带
下，
痈
疽
疮
疡，瘙痒疥癣，毒蛇
咬伤
。白芷能改善局部血液循环，消除色素在组织中的过度堆积，促进
皮肤
细胞新陈代谢，进而达到美容的作用。

白芷的美容功效有哪些

古方中常用白芷治疗
粉刺
、酒糟鼻、
雀斑
以及面部
黄褐斑
等，如《御药院方》中的“御前洗面药”、“皇后洗面药”；《千金要方》中的“千金洗面药”，都是以白芷作为润色泽药物使用的。现代药理研究证明，白芷能改善局部血液循环，消除色素在组织中的过度堆积，促进皮肤细胞新陈代谢，进而达到美容的作用。白芷与白僵蚕、白附子、菟丝子等共研细末调制成面膜敷面，可收到柔面增白之效。用白芷、玉竹、
川芎
、防风等研成细粉，用食醋调成稀膏，可治疗黄褐斑。



白芷的美容功效有哪些


自制白芷美白面膜

1、面部无明显色素异常者的美白嫩肤方。材料：白芷200g（大而色纯白无霉迹），白芷在药店
中药
饮片柜台就能买到。步骤：用小刀剔除黄棕色的粗皮，然后用工具把白芷碾成细末，等份分成8包。掺入市面上销售的
婴儿
护肤品（小瓶）中，充分搅匀。每晚睡前1小时，取适量代替常用的护肤品涂抹面部，临睡时用软纸揩去（勿用水洗），待次日晨起后再洗，连用半月后改为2~3天1次，坚持3~6个月，即可见效。

2、肌肤瑕疵较多者的美白滋润方。材料：白芷5克，蛋黄1个，
蜂蜜
1大匙，小黄瓜汁1小匙，橄榄油3小匙。步骤：将白芷磨成粉，加入蛋黄、蜂蜜和小黄瓜汁，调匀后涂抹于脸上，约20分钟后，用清水冲洗干净。脸洗净后，用化妆棉蘸取橄榄油，敷于脸上约5分钟，然后再以热毛巾覆盖在脸上热敷（此时化妆棉不需拿掉）。等毛巾冷却后，再把毛巾和化妆棉取下，洗净脸部即可。


这两款自制白芷美白面膜，可以帮助不同人群进行美白护肤，同时白芷的药用价值也很高，如果你想让自己的皮肤变得更加白嫩，不妨试试这两款白芷美白面膜吧。

（责任编辑：李玲）

推荐阅读：
自制白芷面膜 亮白肌肤好帮手
白芷的功效与作用


中医教你美容秘方 别再打玻尿酸,《内经·素问·调经论》：“人之所有者，血与气耳。”中医理论认为，血气是人体最重要的物质。气血充盈畅通，人的肤色才能红润光泽，口唇才能饱满红润，眼睛才能明亮有神，毛发才能茂盛黑亮。这样的女人才是真正的健康美丽。中医认为，“见其外应，以知其内”，是说通过一个人外在的形象可以测知其身体的情况，如面色口唇红润有光泽说明心脾功能正常、气血顺畅，精血旺盛，若面色无华，口唇苍白干燥，毛发枯泽说明气血虚弱。正如《内经·灵枢·决气篇》：“血脱者，色白，夭然不泽。”
此外，一个人气血还影响到人体的活动，《内经·灵枢·寒热病》：“身有所伤，血出过多，…四肢懈惰不收。”失血过多，气血亏虚，就会全身无力，四肢松懈不想活动。
中医秘方，解除少白头的烦恼,



所谓“少白头”，是指青少年时头发过早变白，头发呈花白状。 少白头本病多见于青少年，男女均可发生。　中医认为：血热、肾气虚弱、气血衰弱都是造成白发的原因。若发的营养来源雨雪，如果头发变白或抑郁脱落，多半是因为肝血不足，肾气虚弱。因此，中医的治疗方法是补肝血、补肾气。

小编从一位行医数十年的老中医处得来一个方子，现介绍如下，供您参考：

1.方药：地黄、何首乌、墨旱莲、黑芝麻、黑豆、胡桃肉各30克，女贞子15克，西
当归
、杭白芍、黑玄参、
枸杞
子、杭菊花、霜
桑叶
、白蒺藜各13克，藏红花、粉丹皮各10克。

2.制法：上药共研细末。炼蜜为丸，如川楝子大。

3.服法：每日服两次，每次两丸。如服汤剂，可隔日服1剂。

4.禁忌：忌食辣椒、酒类及其他刺激性食物。

5.此方治疗斑秃和脱发亦有良效。

张曼玉的中医养颜美白方,

提到保养，很多人首先想到的就是去美容院，用高级护肤品。其实，只要多吃养颜美容的食物，平时注意和花花草草“亲密接触”，照样能让肌肤光彩照人，其效果不亚于其他方法。

已过不惑之年的影星张曼玉，不仅演技炉火纯青，而且越来越有女人味，容颜和刚出道时一样，丝毫不见岁月的痕迹。张曼玉的保养之道让很多人羡慕，特别是她白滑幼嫩的肌肤，更是颇受广告商喜爱。那幺，她的
美白
妙招又是什幺呢？
张曼玉，虽然天生皮肤白净，但再好的皮肤也要细心呵护。她坚持将防晒、美白、保湿三大进程做好。“一般我不去美容院，护肤也只是自己动手。我喜欢用水果护肤，像柠檬就可以让皮肤变得洁净纯白。在水果、蜂蜜、蛋清调制的面膜里掺入一些淡化色素的草药汁，美白的效果会更好！”
有些女性的肌肤暗沉蜡黄，如果想变白，除了多休息缓解肌肤疲劳外，可以用玫瑰、甜橙花、花梨木、茉莉混在一起煮水，放凉后用来洗脸。玫瑰、甜橙花、花梨木、茉莉可以活化肌肤，促进皮肤的血液循环，让肌肤红润，增强肌肤弹性。
如果是因为长期强烈的日晒使皮肤变黑，则可以把新鲜的芦荟清洗干净，去除表皮，涂抹在外露的肌肤上，可以有效治疗晒伤之后的皮肤，慢慢的，肌肤就会变白。长期有规律地摄入维生素C，可以有效防止黑色素的产生，这是美容专家提倡的方法。但单纯依靠维生素C是不行的，防晒工作也一定要做足。
上帝给女人一张脸，女人可以通过保养修饰给自己创造另一张。想让肌肤白皙细腻，你就必须学会用天然的方法来美白。
桃花有活血润肤、美白的功效；杏花有增白悦色、清解暑热、宁心安神的功效。桃花、杏花都是在春天里绽放，试想在春天的花园里边漫步边采集足够的花材，带着愉悦的心情来制作美白护肤液，是一件多幺浪漫有趣的事啊。
制作方法：将桃花、杏花洗净，浸泡于适量矿泉水中，一周后除去花瓣滤汁即成。将汁倒入瓶中储存，以备使用。
用法：每晚倒出适量的液体，加热至温后用消毒纱布蘸汁洗脸。
做女人就要“水”当当，对女性来说，水是最好的养颜圣品。所以，《本草纲目》发出“药补不如食补，食补不如水补”的感叹。
女人是水做的，因为水的滋养，女人才能灵动有神、顾盼生辉。可是，环境污染、气候干燥、年龄增长、皮肤衰老、代谢减缓等因素都会令肌肤水分流失，使肌肤变得粗糙、暗哑、形成干纹并引发诸多肌肤问题。肌肤一直处于这种缺水状态，久而久之，就会进一步加速皮肤的老化，增添皱纹。所以，想拥有像婴儿般细滑水嫩的肌肤，就要正确地为身体补水。
一般来说，人体一天需要八杯水
每天起床后，先空腹喝一杯水，过十几分钟再吃早饭，这是第一杯水。
中医
讲究早咸晚甜，如果你的早饭不是具有咸味的食物，那幺建议你喝第一杯水时，适当放点盐。

延缓衰老-龙眼首乌羹,〖 来 源 〗： 民间药膳方
〖 原 料 〗： 龙眼肉20颗，制首乌15克，
当归
6克，红枣6个，冰糖50克。

〖 制 作 〗： 1．将制首乌、当归去净杂质，烘干研成粉末；红枣去核，洗净，切成细粒；龙眼肉剁细。　2．净锅置中火上，掺入清水约700克，加入首乌、当归粉末，煮几开之后，下龙眼肉、红枣、冰糖熬成约300克的羹美容
中药
药膳汤即成。

〖 特 点 〗： 甜羹适口。

〖 说 明 〗： 制首乌补肝肾，益精血，黑头发，悦颜色，久服益寿。当归补血和血；龙眼补精益髓，美颜色，润肌肤；红枣养脾气，平胃气，通九窍，助十二经，久服轻身延年。此成菜有美容颜、润肌肤之功效。女性常吃可葆青春长在。
推荐太后专用4道美容方,

《本草再新》上说：银耳，能润肺滋阴。宫里的人都知道，常吃银耳，可以永保青春，容颜不老，它是保健、防病、养颜、美容和延年益寿的健康食品。
第一道养颜美容敬献――银耳

银耳，又称为白木耳，性味甘平，含有对人体有益的多种成分，特别是蛋白质和脂肪，是人体不可或缺的养颜美容品。能够补肾强体，固精调血，润肺止咳，补气补脑，强心美肤，尤其是能够滋阴养颜，养肤润肤，对于女性的养颜美容，有特殊的疗效。

如果女性年老体虚、咳嗽气喘、身热口渴，就应该多食银耳，会很快得到调理和滋补，能够提高造血功能，增强免疫力，增进健康细胞的生长。

《本草再新》上说：银耳，能润肺滋阴。宫里的人都知道，常吃银耳，可以永保青春，容颜不老，它是保健、防病、养颜、美容和延年益寿的健康食品。

第二道养颜美容敬献――热水浸泡

侍水的宫女，双手端着银盆，盆内放满了冒着腾腾热气的热水。侍女用热手巾先把西太后的手包起来，放在银盆的热水里浸泡，等热水变温渐凉，再换热水，再次浸泡，就这样换水三次，把手背、手指的关节都泡得温暖了，看上去白里透红、细嫩柔软，达到最佳效果。

宫女们都知道，太后的这双手，几十年如一日，就是在她们的精心呵护和保养下，才如此娇柔，这归功于这一整套养颜美容妙法，每天早晨的第二道敬献，功不可没。

第三道养颜美容敬献――热敷

这热敷美容保健妙法，是太后自己发明的养颜秘方之一，也是她最津津乐道的永保青春之妙方。当时宫里的侍女们称为洗脸，确切地说，就是用热气腾脸，也就是现代人美容的所谓热敷。

用特制的银盆，装满洒了香料的热水，再以细腻柔软的纯棉毛巾，浸透热水之后，按照肌肤的纹理，细心地敷，感觉就像是在细软的绸缎上滑动一样。

长年累月地热敷，脸上基本上没有任何皱纹，而且总是能够保持得光鲜滑润，白晰美丽，富于光泽。

第四道养颜美容敬献――喝人奶、牛奶

西太后一生不变的一个习惯，就是喝人奶，喝牛奶。这是她最习惯的一件事，也是她很痴迷的一件事。用太后自己的话说，这是她一生养颜美容的有效妙法之一。

满清宫廷之中，早点通常保留着关外东北人的习惯，喝奶子，要对茶，称为奶茶。最独特的是，太后喝的这奶茶，不是由御茶房供应，而是由储秀宫内的小茶炉供应。奶茶由太后调制浓淡，确定可口的味道，每天再由小茶炉专门为太后制作供应。这里，一来较近，二来专门负责的老太监老张，干干净净，为人可靠。

女性美容核桃养血防衰老好帮手,女性美容是爱美一族不变的话题，中医讲药食同源药补不如食补，食疗美容是现代女性最最推崇的健康方法，核桃作为养血补血的食疗佳品，对女性美容的功效功不可没。

古方
中医养生
介绍唐代孟诜著《食疗本草》中记述，吃核桃仁可以开胃，通润血脉，使骨肉细腻，讲的是
美容养颜
之功效。女性美容核桃养血防衰老的作用原理是怎样的？
中医学
认为核桃性温、味甘、无毒，有健胃、补血、润肺、养神等功效，现代医学介绍如下：

1.核桃能够提供充足的热量。有数据测算，每100克的核桃仁便可提供约630千卡的热量，相当于米饭热量的3-4倍。因此在冬天常吃些核桃美容的女性还可以起到御寒，防治
手脚冰凉
的作用。

2.核桃中还有相当丰富的纤维素，每100克核桃仁可提供9.7克纤维素，促进肠胃蠕动、帮助消化及排便，避免
便秘
发生。

3.核桃中还含有多种维生素，如维生素A、B、C、E，可以充分满足人体对其的需求。其中维生素E还是人体理想的肌肤美容剂和乌发美发剂。

4.核桃中的矿物质也相当丰富，如铁、锌、铜、镁、磷等。值得一提的是，核桃中钠的含量相当低，每100克核桃仁中仅含有10毫克的钠，相当符合现代饮食低钠的健康需求，还对女性
缺铁性贫血
储存铁有帮助。文章来源：古方
中医
网
求医问药专题
睡前十件事让你留住青春,



第1要事：“油”满全身

古方中医提示，要舒缓肌肉的压力，首先要变成“油光师傅”。将按摩油或含滋润性的BB油涂在身上慢慢按摩，令全身吸收。为了避免涂油后弄脏你至爱的睡衣，最好换上旧衣服再去睡觉。

第2要事：砂糖去唇皮

要去除唇部的死皮，除了用磨砂润唇膏外，也可以用一些原始方法。例如用砂糖轻轻擦在唇上，或在刷牙时顺便用牙刷轻擦唇部，都会有效地去除死皮，再涂上润唇膏，才可以放心去睡觉。

第3要事：茶包敷眼

基本上，这是传统的敷眼法。将两个已冷冻并使用过的茶包敷在眼皮上，然后休息数分钟，可令双眼的肌肤得以舒缓。

第4要事：颈部护理

对女性来说，最介意暴露颈部的细纹，因为它会出卖你的年龄。所以，你应该用含滋润性的乳液或乳霜来按摩颈部，促使颈部肌肤吸收养分。

注意，涂乳液时要轻轻按摩，尽量表现你温柔的一面呀!否则会弄巧成拙的。

第5要事：滋润双手

不一定要外出时才涂护手霜的，平时也要经常涂护手霜滋润双手，当然在睡觉前做，效果会更好，因为肌肤会得到一整夜的滋润。


*{margin:0; padding:0;}
.adcon{width:636px; clear:both; border:1px solid #D6DFD6; overflow:hidden;
margin:14px auto; background:#FFFFF7; font-size:14px; text-align:left;}
.adcon a{color:#000; text-decoration:none;}
.adcon a:hover{color:#F00; text-decoration:underline;}
.adtitle{border-bottom:1px solid #D6DFD6; height:26px; line-height:26px; background:#FFFFFF;
clear:both;}
.adtitle img{float:left; margin:2px 4px; }
.pic{ margin:10px 10px 0; width:165px; line-height:28px; font-size:12px; text-align:center;}
.pic img{width:165px; height:123px; clear:both;border:1px solid #ccc;}
.txt{width:250px; margin-top:10px;}
.txt ul{border-bottom:1px dashed #333; line-height:20px; padding:4px 0; }
.txt .bono{border:none;}
.txt ul li{height:20px; overflow:hidden; padding-left:4px; font-size:12px;text-align:left;}
.left{float:left;}
.right{float:right;}
全站精华
到社区提问相关问题
脸色暗黄女人该吃什幺好? 


    夏季最天然的美容防晒霜 
    十件小事潜移默化让你变美 


    皮肤不好须“对症下菜” 
    脸部刮痧刮出嫩白细腻肌肤
眉毛做美容 中医也有方 
    按摩
美白
穴让你变身美丽 


 夏天喝绿茶美白又防晒

1 2 下一页

白果奶饮 延缓衰老,

白果含蛋白质、脂肪、糖类、多种氨基酸、胡萝卜素及维生素B_1、维生素B_2等。其味甘、苦、涩，性平，有抗过敏、抗衰老、抗微生物的作用。
白果与清肺、润肤的白菊花、雪梨和营养丰富，且有补虚赢、益肺胃、生津液、润大肠的牛奶结合成饮料，女性常吃，可起到祛斑洁肤，润肤增白的作用。

女性延缓衰老食疗方-白果奶饮

〖 来 源 〗： 民间食疗方

〖 原 料 〗： 白果30克，白菊花4朵，雪梨4个，牛奶200毫升、蜜糖适量。

〖 制 作 〗： 1.将白果去壳，用开水烫去衣，去心;白菊花洗净，取花瓣备用;雪梨削皮，取梨肉切粒。　2.将白果、雪梨放入锅中，加清水适量，用武火烧沸后，改用文火煲致白果烂熟，加入菊花瓣、牛奶，煮沸，用蜜糖调匀即成。

〖 特 点 〗： 果烂熟清香淡雅，甜润适口。

〖 说 明 〗： 白果含蛋白质、脂肪、糖类、多种氨基酸、胡萝卜素及维生素B_1、维生素B_2等。其味甘、苦、涩，性平，有抗过敏、抗衰老、抗微生物的作用。白果与清肺、润肤的白菊花、雪梨和营养丰富，且有补虚赢、益肺胃、生津液、润大肠的牛奶结合成饮料，女性常吃，可起到祛斑洁肤，润肤增白的作用。

养发护发并不难 简简单单枸杞茶,

中国中医科学院望京医院内科主任医师王泽民说，脱发的原因很多，护发前要找准“病根”，可以拿一张干净的纸巾，将脱落的头发放在上面，如果发根较湿润，有轻微的水分，那可能是水汽上逆造成的脱发，则要健脾利湿，可以选用茯苓，把茯苓磨成粉末，用开水冲服，一天2次，每次6克，连续服用两个月脱发会有明显的改善。

因精神紧张、压力大造成的脱发，可以试试补肾生发的黑芝麻核桃粥，最好在早晨喝，因为早晨通常是空腹，能够充分吸收利用，发挥养发的作用。

不过，王泽民提醒说，黑芝麻、核桃虽然好，但不宜直接吃，最好是做成粥，因为脾虚的人很容易造成上火或消化不良，而且这两种食物含有一定的油脂，老年人不要一次大量食用。

养发护发还不能忽视补肾，如果肾气充足，就会有一头“乌油油”浓密亮泽的头发，如果肾气不足，头发不但少，还缺少光泽。脱发的人可以选“补肾高手”�D�D
枸杞
，可以用枸杞泡酒，每天喝一杯，或者用枸杞泡茶喝。


睡前做十件事让你留住青春,第1要事：“油”满全身

古方中医提示，要舒缓肌肉的压力，首先要变成“油光师傅”。将按摩油或含滋润性的BB油涂在身上慢慢按摩，令全身吸收。为了避免涂油后弄脏你至爱的睡衣，最好换上旧衣服再去睡觉。

第2要事：砂糖去唇皮

要去除唇部的死皮，除了用磨砂润唇膏外，也可以用一些原始方法。例如用砂糖轻轻擦在唇上，或在刷牙时顺便用牙刷轻擦唇部，都会有效地去除死皮，再涂上润唇膏，才可以放心去睡觉。

第3要事：茶包敷眼

基本上，这是传统的敷眼法。将两个已冷冻并使用过的茶包敷在眼皮上，然后休息数分钟，可令双眼的肌肤得以舒缓。

第4要事：颈部护理

对女性来说，最介意暴露颈部的细纹，因为它会出卖你的年龄。所以，你应该用含滋润性的乳液或乳霜来按摩颈部，促使颈部肌肤吸收养分。

注意，涂乳液时要轻轻按摩，尽量表现你温柔的一面呀!否则会弄巧成拙的。

第5要事：滋润双手

不一定要外出时才涂护手霜的，平时也要经常涂护手霜滋润双手，当然在睡觉前做，效果会更好，因为肌肤会得到一整夜的滋润。

第6要事：伸展运动

不想年老时骨头僵化的话，就要从年轻时开始做运动，而睡前伸一伸腿就最好。你只需利用数分钟的时间做点运动便可舒缓压力，促进血液循环，更可加速新陈代谢。

第7要事：别喝太多

女人们请记住，临睡前别放纵自己喝过量的开水，否则翌日起床后会双眼浮肿，好难看的!如果真的很口渴，只需喝一两杯开水，反过来说，若喝了太多的水就不要立刻上床睡觉。

第8要事：补充水分

临睡前，若皮肤感到干涩，可在脸上、颈部喷上含薄荷油的水，具有滋润的作用，如果皮肤很干燥，可以多喷几次。

第9要事：回复脚力

在公司站得太久或shopping太久，都会引起双脚疼痛、疲软，所以，你应在冲凉后或睡觉前涂上乳液来滋润双脚，或喷上舒缓压力的足部喷雾，这样就可令你回复脚部的弹性。

第10要事：早睡早起

要现代人早睡早起不是一件容易的事情，但女人们每日平均最少睡够8小时，才能有足够的精神应付每日的工作，容颜也才能更靓丽。

适合办公室白领的美容养颜茶,饮茶健肤美容已有1000多年历史。现代医生证实，茶叶中含有多种维生素、微量元素和芳香油类，可促进皮肤代谢，胶原质的更新，防止皮肤衰老和干裂，恢复皮肤的青春活力，延缓生命衰老。

取隔夜茶适量，蜂蜜少许。在隔夜茶中加入少许蜂蜜调匀，洗洗眉面，可润眉。长期使用可使眉毛浓密，富有光泽。

何首乌茶

取绿茶适量，软骨素1克。先用沸水冲泡浓绿茶一杯，然后将软骨素与茶水调和。经常饮用可滋润皮肤，富有弹性。

灵芝茶

取葡萄100克，白糖适量，绿茶5克。先将绿茶用沸水冲泡，葡萄与糖加冷水60毫升，与绿茶汁混饮，可抗衰老和保持青春活力。


绿茶、何首乌、泽泻、丹参各等量，加水共煎，去渣饮用。每日l剂，随意分次饮完，有美容、降脂、减肥等功效。

灵芝草10克，绿茶少许。将灵芝草切成薄片，用沸水冲泡，加绿茶饮用。既补精益气，又增强筋骨，能保持青春，白嫩肌肤。

护眉茶

葡萄茶

美肤茶
支招 看皮肤类型选美容饮食,

选择什幺样的美容饮食，首先得要搞清楚你自己的皮肤类型。如果是油性皮肤应该吃什幺，如果是干性皮肤又该吃什幺等等。今天女性养生美容就告诉你怎样看皮肤类型选择美容饮食。
人类的皮肤，基本上有三种类型，即中性皮肤、油性皮肤和干性皮肤。中性皮肤组织紧 密，厚薄适中，光滑柔软，富有弹性，是较好的皮肤类型。油性皮肤，面部皮肤毛孔较大， 脂肪较多，具有油亮光泽。这种皮肤，面部易生粉刺，发生面部皮肤感染，影响美观。原因 是皮脂腺分泌功能旺盛，皮脂分泌过多，处于青春期的青年，属于这类皮肤的较多。干性皮 肤红白细嫩，发干，易起皱，易破损，对理化因子较敏感。在日晒后易发红，有灼痛感，易 脱皮而出现皮屑。还有一种类型为混合型皮肤。额头、鼻部为油性皮肤，油脂多，发亮，其 它部分为干性皮肤，红白细嫩，对阳光中的紫外线敏感。约80%的女性属于混合型皮肤。��
按照中医理论，从人的体质分类上看，体内水分异常多者为湿重，属油性体质” ，这类人的皮肤一般呈油性;相反，体内水分异常少者为燥”，属于干性体质，这类人的 皮肤一般呈现粗糙和干燥状态。从现代医学观点看，油性皮肤者，皮脂腺分泌较旺盛，体内 雄性激素分泌较多，皮肤毛细血管扩张;干性皮肤者，皮肤内水分不足，新陈代谢缓慢，皮 脂腺功能减退，皮肤表面干燥，表皮角质屑易胶落，皮肤缺乏弹性，易生皱纹。因此，根据不同类型皮肤进行饮食调养，对皮肤的健美大有益处。��
中、干性皮肤者，宜多食豆类，如黑豆、黄豆、赤小豆，蔬菜、水果、海藻类等碱性食品。 少吃鸟兽类、鱼贝类酸性食品，如狗肉、鱼、虾、蟹等。选用具有活血化瘀及补阴类
中药
， 如桃花，桃仁、
当归
、莲花、玫瑰花、红花及
枸杞
子、玉竹、女贞子、旱莲草、百合、桑寄 生、桑椹子等。
油性皮肤者，饮食宜选用具有凉性、平性食物，如冬瓜、丝瓜、白萝卜、胡萝卜、竹笋 、大白菜、小白菜、卷心菜、莲藕、黄花菜(鲜黄花菜应经蒸或煮处理后再食用，防止秋水 仙碱中毒、荸荠、西瓜、柚子、椰子、银鱼、鸡肉、兔肉等。少吃辛辣、温热性及油脂多 的食品，如奶油、核桃仁、巧克力、可可、咖喱粉等。选用具有祛温清热类中药，如白茯苓、泽泻、珍珠 、白菊花、薏苡仁、麦饭石、灵芝等。��

中药皮肤除臭剂,


中药
皮肤除臭剂
组成：乙醇30．0～35．0，杀菌剂0．05～0．2，增溶剂0．5～1．5，车前草水-醇-甘油萃取物1．0～3．0，扁蓄水-醇-甘油萃取物1．0～3．0，荠菜水―醇―甘油萃取物0．5～1．5，精制水18．0～22.0，香精0．2～1．0，喷射剂余量。
说明：本品有祛臭、止血、消炎作用。

夏季中医美白祛斑的小妙招,


夏季是皮肤很敏感的一个季节，而多发的众多皮肤病中，多半是因为热而引起的。这个热，不仅表示天气的炎热，也指在人体内部的血热和湿热。因此，在
中医美容
的理念中，除了对脸部外在的护理，对人体内部的调理也非常重要。

有些人产生黄褐斑是因为肾部有问题，需要健脾、补肝肾、活血化瘀；而青春痘则大多由于内热，需要清肺、舒肝、去脂。只有内外调理相结合，才能达到最好的治疗效果。

经典中医美容
美白
处方面膜

做法：白正30克，白术30克，白附子9克，细辛9克。可在
中药
店购得研成的极细粉末，装瓶备用。

用法：隔三差五在晚上将面洗干净，然后取少药末，用蜂蜜或蛋清调成糊状敷在面部，30分钟后洗去。

功效：美白效果较好，性质温和、天然、安全、环保，而且制作简单、使用方便。

1 2 下一页

,
,
,
,
,
,
,
,
,
,
,
,
,
,
,
,
,
,
,
,
,
,
,
,
,
,
,
,
,
,
,
,
,
,
,
,
,
,
,
,
,
,
,
,
,
,
,
,
,
,
,
,
,
,
,
,
,
,
,
,
,
,
,
,
,
,
,
,
,
,
,
,
,
,
,
,
,
,
,
,
,
,
,
,
,
,
,
,
,
,
,
,
,
,
,
,
,
,
,
,
,
,
,
,
,
,
,
,
,
,
,
,
,
,
,
,
,
,
,
,
,
,
,
,
,
,
,
,
,
,
,
,
,
,
,
,
,
,
,
,
,
,
,
,
,
,
,
,
,
,
,
,
,
,
,
,
,
,
,
,
,
,
,
,
,
,
,
,
,
,
,
,
,
,
,
,
,
,
,
,
,
,
,
,
,
,
,
,
,
,
,
,
,
,
,
,
,
,
,
,
,
,
,
,
,
,
,
,
,
,
,
,
,
,
,
,
,
,
,
,
,
,
,
,
,
,
,
,
,
,
,
,
,
,
,
,
,
,
,
,
,
,
,
,
,
,
,
,
,
,
,
,
,
,
,
,
,
,
,
,
,
,
,
,
,
,
,
,
,
,
,
,
,
,
,
,
,
,
,
,
,
,
,
,
,
,
,
,
,
,
,
,
,
,
,
,
,
,
,
,
,
,
,
,
,
,
,
,
,
,
,
,
,
,
,
,
,
,
,
,
,
,
,
,
,
,
,
,
,
,
,
,
,
,
,
,
,
,
,
,
,
,
,
,
,
,
,
,
,
,
,
,
,
,
,
,
,
,
,
,
,
,
,
,
,
,
,
,
,
,
,
,
,
,
,
,
,
,
,
,
,
,
,
,
,
,
,
,
,
,
,
,
,
,
,
,
,
,
,
,
,
,
,
,
,
,
,
,
,
,
,
,
,
,
,
,
,
,
,
,
,
,
,
,
,
,
,
,
,
,
,
,
,
,
,
,
,
,
,
,
,
,
,
,
,
,
,
,
,
,
,
,
,
,
,
,
,
,
,
,
经络按摩创造完美臀型,

根据中医典籍所记载，串连穴道之“
经络
”，内连脏腑、外络肢节，任何一条经络阻塞不顺，都会影响到脏腑机能的运作，反之，五脏六腑的病变或机能低下，也将会导致经络堵塞。

如何以经络指压的方式，来塑造美化臀线呢？基本上主要是按摩膀胱经的“八?”穴道与胆经的“?

,
,
,
,
,
,
三个小妙招 养出健康好气色,




三个小妙招 养出健康好气色

有些女人越活越年轻，让周围的人都羡慕不已。深究问她们年轻的秘诀是什幺的时候才知道，平时养成健康的生活方式很重要。如果你想活出越来越好的气色，不妨看看小编搜集的如下三种健康生活方式。

一、锻炼身体很有必要，并且还要经常尝试新的锻炼方法

大家都知道锻炼身体可以提高身体免疫力，防止疾病的入侵，所以非常有必要。有氧运动是美妙的，但一遍又一遍地重复做同样的事情不会把你的身体推向另一个高度，而且还会使你慢慢觉得厌倦。所以，尝试一个交替式的锻炼方法，让你的身体和头脑对锻炼始终保持新鲜，这样才可以使你的身体一次次的屡创新高，越来越健康!

二、减少钠的摄入量

食用盐作为我们日常的必须品，已经渗透到我们所吃的一切食物中，哪怕是甜品冰淇淋里也会加入少许钠。一位健康专家说，身体摄入了过量的盐，会导致腹胀，高血压以及肾脏等方面的问题。为了降低患病风险，大家平时需要注意饮食尽量清淡。

三、保证优质的睡眠

优质的睡眠能够让身体得到很好的放松，恢复第二天的精力。睡眠不好会导致体内应激激素和饥饿荷尔蒙的增加，从而促进暴饮暴食，并且使人更偏爱高脂肪的食物。因此，大家需要养成每晚至少七个小时的精致睡眠，让身体真正得到休息。

推荐阅读：燕窝的食用方法燕窝补出女人好气　　女人气色靠补血4干果吃出好气色

,
,
,
,
靓汤护肤胜过护肤品,

前不久造访一位广东朋友家，问起广东人对于煲汤的热情是不是真的如同传说中一样，他随即说了个笑话作答。说是有个外星人在一次事故中意外地落到地球上，北京人见了说：可以拿来做研究呀!上海人摇了摇头，说道：还不如拿来办展览赚钱。这时，一旁的广东人已是兴奋得两眼放光，大叫了一声：拿来煲汤!

虽然只是一则笑话，但由此可见煲汤对于广东人的意义。广东人喜欢用“靓”来形容好汤，这恐怕和古人所说的“秀色可餐”是同样道理。那幺，为什幺煲汤会成为广东人如此看重的饮食习惯呢?据说，只要煲汤得法，其中具有的
美容养颜
健生功效，绝不输于任何一款护肤用品。

靓汤功效各有不同

广东人煲的汤闻名全国，不仅因为他们经验丰富，能煲出色味俱佳的靓汤;更重要的是，推崇食疗的他们会根据不同的时令和具体需要，以汤进补，其汤料之全、做法之精细，实在令人叹为观止。

粗略介绍几种靓汤的实用功效，就应该能让我们对广东人钟情煲汤的原因略知一二———

鱼汤：鱼的营养十分丰富，食疗功效不可小视，而且不同种类的鱼保健功能也不尽相同，所以常常成为诸多靓汤的主料。举个简单例子，鲤鱼有健脾开胃、利尿消肿、止咳平喘、清热解毒等功能，将它和冬瓜、葱白煮汤服食，可以减轻水肿症状;而若是与少许川贝合煮，便可以起到抗炎作用，治疗咳嗽气喘。

骨头汤：骨头汤能起到抗衰老的作用。这是由于人体骨胳中最重要的是骨髓，血液中的红、白细胞等就是在骨髓中形成的，随着年龄的增大和机体的老化，骨髓制造红、白细胞的功能逐渐衰退，骨髓功能降低，直接影响到人体新陈代谢的能力。而骨头汤中含有的胶原蛋白正好能增强人体制造血细胞的能力。所以对于中老年人来说，喝些骨头汤加以调理，可以减缓骨骼老化;同样，骨头汤也能有利于青少年的骨骼生长。
1 2 3 下一页

有助赶走黑眼圈的4款药膳,


1、苹果生鱼汤

【原料】苹果3只(约500克)，生鱼1条(约150克)，生姜2片，红枣10枚，盐少许。

【做法】生鱼去鳞、去鳃，用清水冲净鱼身、抹干。用姜落油锅煎至鱼身成微黄色苹果、生姜、红枣洗干净后，苹果去皮去蒂，切成块状生姜去皮切片，红枣去核，瓦煲内加入适量清水，用猛火煲滚。然后加入全部材料，改用中火继续煲两个小时左右。加入盐调味，即可饮用。每日两次，早晚饮用。

【功效】预防黑眼圈的出现，防止眼下出现眼袋。此外苹果生鱼汤还可治疗脾虚、气血不足、浮肿、头晕、失眠。

2、
枸杞
猪肝汤

【原料】枸杞子50克，猪肝400克，生姜2片，盐少许。

【做法】清水洗净枸杞子。猪肝、生姜分别用清水洗干净。猪肝切片，生姜去皮切2片。先将枸杞、生姜加适量清水，猛火煲30分钟左右。改用中火煲45分钟左右，再放入猪肝。待猪肝熟透，加盐调味即可。早晚各一次。

【功效】补虚益精，清热祛风，益血明目。预防肝肾亏虚所引起的黑眼圈。

1 2 下一页

,
,
,
,
,
抗衰老中药大盘点,

下面介绍一些古今常用的抗衰老
中药
，供读者选择美容化妆品时参考：

人参
味甘微苦，微温，入肺、脾经。有大补元气，滋养化源之功能。对于因气虚而面色不华、须发不生者，有较好疗效。人参能使皮肤毛细血管充血，加强皮肤血液循环，增强细胞活力，增进毛囊的营养供给及毛发的抗强强度和延伸率，因此有较好的美容、生发效果。
三七　味甘微苦，性温，入肝、胃、心经。有益气补血、和营止血、通脉行瘀之功能，对于因气虚挟瘀引起的面部色素沉着，有一定疗效。三七在高浓度情况下可扩张血管，降低毛细血管的通透性，抑制血小板聚集，故能起到改善面容、须发的作用。

当归
味甘辛，性温。有养血补血，祛瘀生新之功能，对于因血虚所致的面色不荣有较好疗效。当归能扩张机体外周血管，对抗红细胞膜脂质过氧化作用，使红细胞不易破坏。这可能就是当归能够恢复面部红润的机制之一。

川芎
味辛性温，入肝、心包经。有理气活血，祛风止痛之功能，为“香草”的一种。川芎对微循环系统有很好的调节作用，其水浸液对某些致病性皮肤真菌的活性有较强的抑制力。本品还有抗维生素E缺乏的作用，而人体内维生素E的缺乏恰是容貌早衰的原因之一。川芎还能抑制酪氨酸酶的活性，从而对黑斑、雀斑、老年斑能起到治疗作用。
细辛　味苦，性温，入心、肺，肾经。有祛风散寒，温肺化饮之功能，可用于风寒外袭所致之面容无华。细辛含有挥发油和维生素A样物质，有维持肌肤弹性、改善微循环和抗炎抑菌的作用。
何首乌　味苦涩，性平，入肝、肾、脾经。有养血祛风，强筋益髓，黑发轻身之功能，可用于肝肾不足所致之须发早白。何首乌能促进超氧化物歧化酶(SOD)的活性，明显扩张血管，延缓细胞的衰老进程，故对影响美容的早衰现象能起到抑制、延缓的效果。

1 2 下一页

多吃豆腐 美白减肥双收,

有没有经常吃豆腐呢？你知不知道豆腐具有高营养、高矿物质、低脂肪的减肥食品，丰富的蛋白质有利于增强体质和增加饱腹感，有利于减肥的坚持.
养颜豆腐鱼：取鲫鱼500克，豆腐150克，萝卜丝20克，各种调料适量，先将鱼在沸水中略烫，再用葱丝、姜片、料酒烹锅，加入胡椒面、清汤、精盐、将鱼放入锅中，加入萝卜丝、豆腐块，慢火炖至汤黏稠时，加香菜段、味精出勺，作菜佐食，具有益气养血、和中补虚、养颜润肤的功效。
春令养颜 多用药膳
芹香豆腐汤：取香菇100克，豆腐200克，芹菜叶50克，精盐、味精、葱花、鲜汤、植物油各适量。先将香菇去杂质洗净，撕成小片;豆腐切小块;芹菜叶洗净撕成小朵。净锅置火上，加油烧热，放入香菇煸炒片刻，加入鲜汤、豆腐块、精盐、烧煮至入味，撒上芹菜叶、葱花和味精，烧沸后佐餐食用。补中益气，祛脂减肥。

,
改善黑眼圈应该吃什幺呢？,

因为我们日常的工作或是生活习惯不好，所以很多人容易出现黑眼圈的，中医认为食补是一种安全有效的方法，对于美容有很好的作用的，现在我们看看经常吃什幺改善黑眼圈？

鸡蛋

由于鸡蛋中富含优质蛋白质，而蛋白质又能促进细胞再生，因此经常食用鸡蛋，增加蛋白质的摄入，对于缓解黑眼圈的形成是有一定功效的。但因人体每日最多只能吸收两个鸡蛋所含的营养，因此食用鸡蛋不宜超过两个。有些人习惯食用生鸡蛋，事实上，生鸡蛋极不易消化，还含有细菌，因此建议大家食用白煮蛋为最佳。此外，瘦肉、禽蛋、水产等也富含优质蛋白质，经常食用此类食物也有助于减少黑眼圈的形成，但由于鸡蛋的蛋白质组成和人体的最接近，所以吸收效果最好。还可以在晚上的时候用泡过的茶叶水给自己的眼睛做一个眼膜的，这样对改善黑眼圈也是有效果的。

芝麻

芝麻乌发的作用人尽皆知，但其消除黑眼圈的功效可能就鲜人知晓了。芝麻富含对眼球和眼肌具有滋养作用的维生素E，从而能缓解黑眼圈的形成。既能使秀发乌黑靓丽，又能消除黑眼圈，一举两得，难怪有人将芝麻视为神奇的“魔法食物”。除了芝麻，富含维生素E的其他食物还有花生、核桃、葵花子等。像是这些坚果都是胃部不太好消化的食物，所以一定要在睡觉前5小时吃的，吃太晚了对于胃部和身体都不利。

胡萝卜

胡萝卜含有丰富的维生素群，对我们的健康有很大的帮助，另外胡萝卜对于我们的肌肤也是很有好处的，因为维生素A对肌肤有很好的改善作用，特别是针对于我们的眼睛，所以想要改善黑眼圈日常的时候多吃写胡萝卜是不错的选择，还有助于我们改善视力呢。尤其是黑暗中的视力。其他蕴含维生素A的食物还有动物肝脏、奶油、禽蛋、苜蓿、杏等。

日常饮食中如果我们可以吃以更健康的食物的话，我们的身体都会有一定的改善了，吃什幺改善黑眼圈最好的就是鸡蛋、芝麻和胡萝卜了。

,
,
,
中药祛除黄褐斑,

黄褐斑是一种令中青年妇女烦恼的色素增生性皮肤病。它的主要表现是面部皮肤出现大小不等、形状不一的色素斑，颜色多为淡褐色、黄褐色，也有咖啡色或淡黑色。一般是对称地分布在眼周围附近、额部、颧颊部、鼻旁和口唇周围，边界清楚，表面皮肤光滑，不痛不痒，没有皮屑。

黄褐斑的发生原因目前尚不清楚，似与多种原因有关。应用
中药
治疗黄褐斑可以取得较满意的效果。

中医认为，肝失条达，气机郁结，郁久化火，灼伤阴血，血行不畅，可导致颜面气血失和；脾气虚弱，运化失健，不能化生精微，则气血不能润泽于颜面；肾阳不足，肾精亏虚等病理变化均可导致颜面发生黄褐斑。用内服汤剂治疗黄褐斑需要辨证论治，但不论哪种类型，总离不开活血化瘀这一治疗原则，可采用以下基本方进行加味：

基本方：归尾10克，
川芎
10克，赤勺10克，丹参15克，桃仁6克，红花6克，白芷5克。

肝郁血瘀证可出现急噪易怒，胸胁胀痛，痛经或经期延后，经血紫暗有块，舌有紫斑，脉弦涩。本证可用基本方加柴胡6克，枳壳6克，制香附6克，青陈皮各6克。

脾虚血瘀证可见面色苍白或萎黄，神疲乏力，气短心慌，饮食减少，脘腹胀满，经来延迟，经血稀淡，舌质淡，脉细。可用基本方加炙黄芪6克，潞党参10克，炒白术10克，茯苓10克，炙
甘草
3克。

肾阳虚寒证可见面色白，形寒肢冷，腰膝酸软无力，小便多，舌淡苔白，脉沉细，斑色深褐难治。基本方加熟附片6克，炙桂枝6克，熟地12克，仙灵脾10克，菟丝子15克。

以上各方需连服二个月。每天一剂。如有效果，可继续服用一个阶段。

,
白菜叶面膜吸油又去痘,眼下在网上热传着一种来自“土耳其民间”的去痘面膜，这种面膜取材很简单，就是平时常吃的大白菜。据说，土耳其妇女皮肤白嫩，而且很少出现青春痘等皮肤病,就是她们经常用大白菜叶来贴脸的缘故。大白菜面膜的制作方法很简单：把整片的新鲜大白菜叶取下来洗净,在干净的菜板上摊平,用擀面杖或啤酒瓶轻轻碾压10分钟左右,直到叶片呈网糊状。将网糊状的菜叶贴在脸上,每10分钟更换一张菜叶,连换三张,每天做一次。

皮肤科专家认为，这款大白菜面膜对于治疗青春痘和嫩白皮肤确实比较有效。因为大白菜中富含维生素等营养，而且能去油脂，还有独特的清热解毒作用。有“痘”一族不妨试试这款面膜，但是一旦出现皮肤变红或起小疙瘩等过敏现象就要赶紧停用。除了大白菜，也可以用胡萝卜做成面膜，制作方法也很简单。原料是胡萝卜500克和面粉5克。先取鲜胡萝卜洗净，捣碎；在捣碎的胡萝卜及其汁液中，加入面粉再捣成泥，把胡萝卜泥敷于面部，隔日一次，10分钟即可。这款面膜可以达到祛除青春痘、抗面部皱纹的功效。如果胡萝卜捣成泥涂在皮肤上以后不会掉下来,就可以不加面粉。胡萝卜汁涂洗脸部,也可以达到同样的效果。

专家说，用蔬菜做面膜的方法固然有效，患者也可以自己操作，但是最有效的还是
中药
面膜。将清热解毒的中药如金银花、马齿苋、蒲公英等，研成粉末，加水调成糊状，涂在脸上即可。一般是一周2次，每次10分钟左右，做1-3个月，对祛除青春痘很有效。但不同原因引起的青春痘需要配不同的中药，患者最好到医院诊断后再用药。
,
中医按摩穴位除皱纹,

消除皱纹总法：
(1)由上而下沿足阳明胃经用手指或毛刷揉、擦5遍，按揉足三里穴1分钟左右。
(2)沿督脉由上而下至尾骶部，用手掌或毛刷作
经络
摩擦5遍。并按揉脾俞、胃俞、肝俞、肾俞各15-30次。
(3)由上而下推、擦足部三阴经5-10遍，脾虚者宜自下而上进行。按揉三阴交，血海各半分钟左右。
(4)以中脘为中心摩腹30次，早晚均宜。 消除眼周皱纹法
(1)首先用食指按住双侧睛明穴，每秒做强按压一次，共按压5-10次。
(2)用食指垂直按压眼眶下
承泣穴
，每秒按压一次，共按压5-10次。
(3)用食指按压双侧
瞳子�s穴
，每次按压一次，共按压5-10次。
附：世界皮肤老化问题的权威人士阿尔伯特·克里格蒙的防皱美容法：
在手指尖上适当取一点凡士林油脂，然后轻轻地在脸四周一圈一圈按摩，以便将其揉入皮肤，按摩一般持续一分钟左右。接着用薄卫生纸将多余的油脂擦去，但不能完全擦去，以抹到皮肤手感光洁为度，每隔24小时进行一次，最好在晚上进行。

脸上的粉刺是怎幺形成的,

相信每个人都害怕自己脸上长痘痘的，像是粉刺或是痤疮都是很难消除的，如果想要消除他们先看看粉刺是怎幺形成的，有些人是青春期的时候内分泌不对导致的，但是多数人的粉刺可能是因为日常的生活习惯不对导致的，现在赶紧看看粉刺是怎幺形成的吧，之后对症下药就会更好治疗了。


脸上的粉刺是怎幺形成的


一、遗传因素：

中医认为粉刺也是会遗传的，人类的基因不管是好的坏的都是可能会遗传给下一代的，所以粉刺也可能是遗传形成的。

二、内分泌因素：

人们在身体内分泌不正常的时候，特别是在雄性激素分泌多的时候，皮肤的皮脂分泌会增多，如果皮脂不能很好的被排出的话，皮肤就会出现粉刺了，如果是因为内分泌造成的粉刺，最好是调节好自己的内分泌哦，最好不要经常的用手处理粉刺，这样可能会让皮肤留下疤痕的。

三、外来因素

有些药物和化妆品或是脸部受到别的刺激，也会会让皮脂的分泌有受阻的情况的，
中医美容
专家提醒如果不想皮肤长粉刺，最好是不要随便的用化妆品和护肤品，最好咨询专家看自己适合什幺样的东西在用会比较好。

怎幺改善粉刺呢？

首先注意个人卫生，个人卫生不仅仅是只脸上的卫生哦，不管是自己的衣服还是床品都要尽量的保持干净才行，只有这样才能防治粉刺，在干净的环境下粉刺很少有机会扩散的，不干净的时候人们的脸部摩擦可能会让粉刺感染细菌的，同时最好不要刘海，免得头发上的灰尘和油腻弄到肌肤上。其次要保持枕巾和被套的干净，经常洗换这些东西对于皮肤也是很好的；最后要注意饮食中不要吃太刺激的食物，如果吃了可能会刺激自己的肌肤哦。

粉刺是怎幺形成的已经说完了，如果你脸上有粉刺，一定要记得不能用手直接去处理，如果你注意保养的话，粉刺会完美的去除的，如果你去除的方法不对可能会留下疤痕的。

推荐阅读：用
中药
巧妙除掉您的粉刺

中医美容如何去除黑头粉刺？

惊爆明星中医丰胸第一汤！,

女人几乎都知道胸围和吸引男人有一个正比关系，这也就是为什幺有那幺多丰胸的产品拥挤在市场，而且样样都能让女人掏荷包，下面介绍一款明星最常用的丰胸汤。



猪尾凤爪香菇汤

材料：猪尾2条，鸡脚5只，香菇4朵，红枣3粒

作法：

1.先将香菇浸泡1小时，泡软后，切成两半，鸡脚也切成两半。

2.将猪尾切成数块，放进沸水中过水。

3.将猪尾、鸡脚、香菇和红枣一起放入瓦罐中，用大火煮滚，5分钟后，调成小火，熬大约1小时，汤成。

4.加入少许盐，待凉后食用。最好在早晚分吃汤料和喝汤。

中医点评：香菇性平味甘，入脾、胃、肺经，有补脾益气、养血润燥的作用；猪尾性平味甘、咸，入脾、胃、肾经，能强健腰腿、补血润燥、填肾益精。因而此汤既适用于登山郊游的健筋骨，又适合于初秋风燥的润肌肤，还能合适于秋凉时节的温补气血。同时广东民间还用于妇女产后阴血不足之乳汁缺少等。猪尾和鸡脚都含丰富的胶原蛋白质，有很好的丰胸效果，此外，喝一段时间后，你的肌肤也会变得又白又嫩，充满弹性，很适合中年女性长期食用。


小编推荐：还记得韩剧《冬季恋歌》的女主角崔智友泪眼婆娑的大眼睛吗？深情凝视，简直望穿了影迷们的心。难怪说，会说话的眼睛是最致命的吸引力。但被工作累到不行的你，是否只能望着镜中“血丝”兴叹……
[详情请看>>>>中西结合 三分钟让你眼睛水汪汪]

,
,
夏季晒黑快速变白的小秘诀,

1.把醋和盐用水溶解，比例是大概水：白醋：盐＝9：3：1，用调好的混合液把毛巾润湿，擦在脸上，早晚各一次，（如果要多擦个一两次也没问题啦），效果不错哦，而且见效很快，皮肤会变白，痘痘也会不见了．

2.用草莓炸成汁，放上蛋清。每2~3天擦一次

3.用水和蜂蜜调配后加入珍珠粉,这样用几次以后,脸是又白又嫩!

4.最简单最便宜最方便但是十分有效的
美白
方法，将香蕉弄成糊状，然后倒入全脂牛奶，再加入少量水。这些东西的比例大概是2：5：1然后往脸上抹，然后轻轻拍打脸部，最后什幺都不要做。20分钟后洗掉.

5.用冰牛奶倒在纱布上，轻轻地敷在眼睛上，10分钟左右，每晚敷两次，能够消除眼带缓解眼部的疲劳，而且长期如此还可减少眼部皱纹。放凉的盐水和喝过的茶叶也可以起到同样的作用。

精彩推荐：美容抗衰老的14种水果 让你定格20岁的7大水果

动物这些部位绝对不能吃 夏季不能多吃的6大水果

全球10大长寿食物排行榜比伟哥还强的天然壮阳法

使你容颜不老的秘方,

“一斤生姜半斤枣，二两白盐三两草，丁香沉香各半两，四两茄香一处捣。煎也好，煮也好，修合此药胜如宝。每日清晨饮一杯，一世容颜长不老。”这是古医书《奇效良方》中“容颜不老方”的歌诀。该方以生姜为主药，每次三五钱，清晨煎服或沸水汤服，有防衰老、葆青春的奇特功效。
中医认为生姜性微而味辛，功能健脾胃、散风寒，有“姜能疆御百邪，故谓之姜”的解释。生姜在食疗及药用方面应用很广，有发汗、暖胃、止呕、祛痰、驱风、散寒、解毒等功效，故爱姜者历代不乏其人。大文豪苏东坡曾见杭州净慈寺的一个住持，服食生姜40年，80多岁无老态，脸色红润，双目有神。

生姜含有一种类似水杨酸的有机化合物，相当于血液的稀释剂和防凝剂，对降血脂、降血压、预防心肌梗塞，均有特殊作用。另外，生姜还可防治胆囊炎和胆结石。现代临床研究还证实，生姜可以调节前列腺的机能，而前列腺素在控制血液粘度和凝集方面有重要作用。最新研究成果还显示，常食生姜可除老年人体表的“老年斑”。

值得注意的是，生姜一次食用不宜过多，过多则大量姜辣素经消化道吸收后，在经肾脏排泄过程中会刺激肾脏，还可产生口乾、喉痛、便秘等“上火”症状。

,
,
4招对付“眼中钉”,

“眼中钉”1号：黑眼圈
黑眼圈的成因有很多， 如睡眠不足，营养不良，缺乏运动、血液循环不良等，亦有可能因皮肤较薄，引致沉淀的黑色素浮现。

预防：避免黑眼圈的最有效方法，当然是足够的睡眠、注意饮食的平衡和保持健康。

急救法：要是黑眼圈只因偶然睡眠不足而引起的话，可将一条热毛巾敷在眼部，包括两侧的
太阳穴
；要确定完全覆盖眼睛四周，大约敷二十分钟后，毛巾的热力会促进血液流通。接着，再用冷毛巾同样敷三十秒至一分钟，今毛孔收缩，然后涂上眼霜。如果情况严重的话，可到美容院接受针对性护理。美容师会先将眼部清洁，然后铺上一层纱布.再用一枝烟棒薰双眼，最后敷上眼膜以作纡缓，整个过程约四十五分钟，功能是促进和改善血液循环，首次做已可见效。通常要彻底去除黑眼圈，需做数次至十数次不等，视乎情况而定。

初秋 用水果给美丽加分

“眼中钉”2号：眼纹

眼部四周是脸上最娇嫩的部分，随着年龄的增长，水分容易流失，而且眼部周围由于没有皮脂分布，无法分泌油脂，渐渐地便会失去弹性，皱纹也容易产生。

预防：鱼尾纹和幼纹最常出现在眼角，通常以干性肌肤最容易产主皱纹，来自遗传的皱纹也是其中一个原因。平日避免过分揉擦眼睛，卸妆要彻底，但切勿大力抹去化妆，免得揉松眼部肌肤。若有配戴隐形眼镜的话，最好一星期敷一次眼膜。

急救法：除早晚使用眼霜外，还可在晚上涂上眼霜前使用的眼部精华液。

绝世美乳是这样练成的…

“眼中钉”3号：眼袋与油脂粒

皮层下组织中的体液积聚，造成肿胀，形成眼袋。此外，肾功能欠佳的人，容易出现眼袋浮肿的情况。当然，年龄老化亦是眼袋形成的因素之一。最有效去除眼袋的方法是割除眼袋手术，不过施手术始终有危险存在。

预防：容易产生眼袋的人应该多做眼部按摩，帮助局部循环，避免睡前喝水，及尽量减少吃太咸大辣的食物。

急救法：在眼肚处呈现油脂粒，除了因为采用不当的护肤品，也可能因面部油脂分泌较多及皮肤堆积过多死皮所致。选用质地清爽的护眼产品是避免出现油脂粒的最佳方法，然而，有些情况却是遗传问题，最好还是请教医生解决之道。

“眼中钉”4号：眼睛疲倦

身体最受力的地方是足踝和眼睛。眼睛疲劳的其中一个原因就是肌肉疲劳，水晶体周围的肌肉负责调校对焦，肌肉太疲劳，就会导致眼睛疲劳和视力减弱。干涩、红筋、流眼泪、眼花都是眼倦的征状。尤其每日长时间对着电脑工作，更会引致VDT症候群，(VDT是Visual Display Terminal的简称)，眼部出现问题是症状初期，若不加理会，更会出现肩痛、颈痛、头痛等现象。

急救法：穴位按摩。

,
香口润喉药膳方,[FS:CONTENT_START]
1.三香茶

木香10g，公丁香6g，藿香、白芷各12g，粉葛根30g。制法：每日1剂，冷水煎汤代茶，分多次漱口。

有利湿除臭之功。治疗多种口臭均有效。

2.含香茶

川芎
、白芷、细辛各5g。制法：将川芎、白芷、细辛洗净，放入沙锅中，加清水适量，煮沸10分钟，去渣取汁。含漱，常用。

有避秽除臭之功。适用于口臭。

3.生香膏

甜瓜子适量，去壳研细，以蜂蜜熬少许调膏。食后含化，或敷在齿间。

有香口除臭之功。适用于口气热臭者。

4.射脂膏

猪脂300g，射干150g。制法：用猪脂炼油，入射千末，文火煎至焦黄，去药渣，冷却成膏，每次1匙含服，每日4～5次，连用1个月。

有解毒利咽之功。适用于慢性喉炎。

5.苦酒汤

制半夏15g，加水400ml，煎20分钟去渣加苦酒70ml，待半冷时再加鸡蛋清2个，搅拌均匀，徐徐含咽，每日l剂。

有泻火化痰之功。适用于痰火互结，咽部充血水肿之实证失音者。

6.丝瓜汤

鲜老丝瓜1根，盐少许。制法：丝瓜切段，水煎煮，半小时后放盐，再煮半小时。取汤汁分次饮用。

有香口除臭之功。

7.香茶饼

孩儿茶120g，桂花、薄荷叶各30g，硼砂1g，
甘草
适量。制法：将前四味分别研成粉末，混合备用；将甘草洗净，放入锅中，加清水适量煎煮，去渣取汁，与药粉拌匀，倒人锅中，熬成膏，做成饼即可。每日2次，每次取适量含化咽下，连用5日。

有香口除臭之功。适用于痰热，口齿病及各种原因引起的口臭。

8.杏仁胨

北杏仁60g，南杏仁120g，绿豆粉40g，砂糖适量。制法：将南、北杏仁去皮，加清水1杯，研磨成杏仁汁；绿豆粉加水浸泡，与杏仁汁调匀，放入锅中，加砂糖，边搅边煮，煮滚后倒入容器内，待凉后放人冰箱冷冻即可。可随意饮用。

有清热利咽，美声香口之功。适用于口臭。

9.蜜姜米

鲜生姜200g，蜂蜜适量。制法：将鲜生姜洗净，切碎如大米粒大小，置有盖容器内，加蜂蜜以浸没姜米为度。用时取蜜姜米半匙，口含缓缓吞咽，待蜜味将尽，姜辣缓减后，则嚼细吞食，每日3～5次，至咽喉爽利，发音正常为止。

有利咽美声之功。凡咽喉不利，声音不扬，发音困难，无论新久皆可服用。

10.丁香丸

丁香9g，川芎6g，白芷、炙甘草各3g，蜂蜜适量。制法：将诸药共研粉末，加蜂蜜调匀，做成如荔枝大小的药丸。临睡前放口中含化1丸，连食7日。

有芳香辟秽，益脾和胃之功。适用于口臭。

11.五香丸

豆蔻、丁香、藿香、青木香、白芷、桂心各10g，香附子15g，甘松香、
当归
各6g，槟榔1枚，蜂蜜适量。制法：将诸药共研粉末，加蜂蜜调匀，做成如黄豆大小的药丸。含食，每日3次，每次1丸，连食5日。

有香口辟秽，下气祛臭之功。适用于口臭。

12.茵茴蛋糕

茵陈10g，八角茴香1个，小茴香秆7节，鸭蛋2个。制法：将前3味煎水，炖鸭蛋糕，每日早晨空腹服用，连用数日。

有芳香化浊之功。适用于口臭及咽喉肿痛者。

13.艾油炸蛋

艾叶7个，棉油60g，鸡蛋2个。制法：先将鸡蛋煮滚，炸艾叶至焦黄色，把艾叶捞出，再将鸡蛋去壳打碎，放在油内炸至黄焦色，趁热食之。

&[FS:PAGE]nbsp; 有温经通络之功。适用于风寒型急性喉炎。

14.双叶盐汤

茶叶、
苏叶
各3g，食盐6g。制法：先用沙锅炒茶叶至黄，再将盐炒呈红色，同苏叶加水共煎汤服之，每日2次。

有通络利咽之功。适用于急性喉炎者。

15.芹菜肉片汤

芹菜750g，板豆腐3块，猪瘦肉250g。制法：芹菜摘去叶子，洗净后切成小段，豆腐每块切为4小块；猪瘦肉洗净后切片，用调料腌10分钟。把豆腐放人锅内，加清水适量，文火煲5分钟，放入芹菜，待煲沸后下肉片，再煲滚，最后调味食用。

有消食美肤，去除口气之功。

16.苹果香草汤

甘草10g，苹果100g，香菜20棵。制法：将苹果切成4片，甘草、香菜洗净，一并下锅以750g水煎至250g左右，加适量蜂蜜服用。

有香口除臭之功。

17.泽漆大枣汤

泽漆500g，大枣200g。制法：先将泽漆加水1500 m1，文火煎开后放置20分钟，去泽漆加大枣煮至水干为止，每日早晚各食大枣3～5枚。

有清热解毒，利水消肿之功。适用于急慢性咽炎。

18.沙参银耳汤

北沙参、银耳各15g，鸡蛋2个，冰糖适量。制法：银耳用清水浸泡，洗净，与北沙参同放入沙煲中，加清水适量，用武火煮沸后，改用文火煲1小时，打入鸡蛋，加冰糖搅拌均匀，煲至蛋熟即可。食银耳、鸡蛋，喝汤，每日1剂，连食10剂。

有养阴润燥之功。适用于燥热所致咽干喉痛，声音沙哑，口渴者。

19.西洋菜枣汤

鲜西洋菜300g，蜜枣5枚。制法：将西洋菜、蜜枣洗净，放人锅中，加清水适量煮成汤即可。每日2次饮用，每次1剂。

有清肺利咽之功。适用于肺虚所致咽部干燥，声音嘶哑，咳嗽者。

20.栀子花蜜汁

栀子花5～7朵(以花瓣洁白欲放为佳)，蜂蜜250ml。制法：将栀子花浸泡于蜂蜜中，1周后即为“栀子花蜜”。取栀子花蜜10～20ml，加适量温开水兑化，每日早、晚各1次，慢慢咽服。

有清热解毒，养阴清肺之功。适用于慢性喉炎失音者。

21.咽喉宝袋茶

乌梅、薄荷、绿茶、甘草以2∶1∶1∶1的比例，按袋泡茶制剂半生药型要求制作，每袋4g。每日3次，每次1袋，泡水频服，15天为1个疗程，按病情不同可分别服药1～3个疗程。

有清热润燥，生津化痰，润喉悦音之功。适用于脏腑虚损，特别是肺肾阴虚，虚火内生，火热上灼咽喉所致的慢性肥厚性咽炎、慢性单纯性咽炎、慢性喉炎等。

22.甘草银花茶

金银花、藿香各5g，甘草2g。制法：将上药放入锅中，用开水冲泡10分钟即可。代茶随意饮用。

有清热解毒，芳香化浊之功。适用于内热或口齿病引起的口臭。

23.玄麦润喉茶

玄参、麦冬、玉竹各5g，甘草3g。制法：将诸药洗净，沥干水分，放入杯中，用开水冲泡10分钟即可。代茶随意饮用。

有润喉增液之功。适用于口干舌燥，唾液减少，声音嘶哑者。

24.大海甘草茶

胖大海1枚，甘草3g，冰糖适量。制法：将胖大海、甘草、冰糖放入茶杯中，用沸水冲泡即可。代茶随意饮用，连饮10日。有清热解毒，润肺利咽之功。适用于咽喉干燥，疼痛，干咳失音者。

25.生地润燥茶

生地、沙参、
枸杞
子各10g，甘草3g。制法：将诸药放入茶杯中，用开水冲泡10分钟即可。当茶随意饮用。

有清咽润喉之功。适用于咽喉肿痛，声音低哑者。

26[FS:PAGE].橄榄大海茶

橄榄、绿茶各6g，胖大海1枚，蜂蜜1匙。制法：将橄榄放入锅中，加清水适量，煮沸备用；将绿茶及胖大海放入杯中，冲入煮沸的橄榄水，盖片刻，加入蜂蜜调匀即可。当茶随意饮用。

有清咽润喉之功。适用于慢性咽喉炎，症见咽部干痛，声音嘶哑者。

27.冰糖蝴蝶茶

木蝴蝶3g，冰糖适量。制法：将木蝴蝶、冰糖放入茶杯中，用沸水冲泡即可。代茶随意饮用。

有通络利咽之功。适用于慢性咽炎所致咽部干燥，声音嘶哑者。

28.苹果香仙茶

苹果1个，藿香15g，水仙荷叶100g，蜜糖适量。制法：苹果去蒂、心，水洗干净，切片，与藿香、水仙荷叶放人瓦堡中，清水漂去浮沫，煮沸15分钟左右，滤去茶渣。待茶水和暖，加入蜜糖搅均，即可饮用。

有清胃肠湿热，香口除臭之功。

29.银耳梨杞饮

银耳、枸杞子各100g，蜂蜜、雪梨各300g。制法：将银耳、枸杞子放入锅中，加清水适量，煮30分钟，加入蜂蜜调匀，冷却即可；雪梨洗净，切成小丁，放入煮好的汤中拌匀即可。每日1剂，连食5剂。

有润喉开音之功。适用于燥热所致咽干喉痛，声音沙哑者。

30.雪梨川贝饮

大雪梨1个，川贝末3g，冰糖15g。制法：将雪梨去皮，挖去心，装入川贝末、冰糖，放在碗中，入锅隔水蒸熟即可。每日1剂，1次食完，连食10日。

有润喉美声之功。适用于咽喉炎，症见咽喉灼热干燥，干痒疼痛，声音嘶哑者。

31.桃杏仁凉菜

桃仁、杏仁各50g，花生米150g，芹菜250g，油、盐、味精各适[FS:CONTENT_END]
,
,
中医称初秋多吃葡萄可排毒,

眼下正是葡萄大量上市的季节，作为世界四大水果（苹果、葡萄、柑橘和香蕉）之一，葡萄除营养丰富、酸甜可口外，初秋时节多吃还能帮助机体排毒，解内热。

中医养生
专家、中国中医科学院西苑医院杨力教授说，中医认为葡萄可以
益气补血、生津止渴、健脾利尿
。人体在经历了一个炎热潮湿的夏季后，体内聚集了大量的毒素，而且内热重、身体困乏，葡萄有很好的利小便的功效，在初秋季节，适当多吃一些，可以帮助人体
排出毒素，消除内热
。
红白绿紫黑，市场上的葡萄色彩各异，杨力教授说，除了葡萄共有的营养以外，不同颜色的葡萄各有营养偏重性。
红色葡萄含逆转酶，可
软化血管、活血化淤，防止血栓形成
，心血管病人不妨多吃。逆转酶在红葡萄皮里含量最丰富，最好连皮一起吃。白葡萄具有
补肺气、润肺功效
，很适合咳嗽、患呼吸系统疾病的人食用。绿葡萄则偏重于
清热解毒
。紫葡萄富含花青素，可以
美容抗衰老
。黑葡萄则
滋阴养肾、黑头发
的功效更为突出。
“吃葡萄不吐葡萄皮”，从营养角度说，这句顺口溜应改为“吃葡萄不吐皮和籽”，葡萄皮和葡萄籽聚集了葡萄中大部分营养，吃葡萄时最好整颗吃。如果觉得口感不太好，可把葡萄连皮带籽榨成葡萄汁饮用。
但要提醒的是，葡萄性偏凉，胃寒的人一次不要吃太多
。

春季美容5款美味粥,1、燕窝冰糖粥

燕窝有润泽皮肤、补血养颜之功。取燕窝3克、冰糖适量，煮至粥状即可食用。若再加入5克甜杏仁同煮，其美容效果则更好。

2、银耳鸽蛋汤

银耳能补肾，而补肾是
中医美容
防老之首。取银耳15克，水发后炖黏稠，打入鸽蛋两只，再加冰糖文火炖透即成。

3、大枣粥

粳米60克，大枣10枚，将大枣加入粳米中，煮至粥烂枣熟即可。大枣中含有丰富的维生素E，常吃大枣粥，可使人面色红润，神采焕发。

4、枣菇籼米粥

红枣50克，水发香菇100克，籼米100克，熟牛肉适量切小丁，同煮成粥后加入葱姜末和猪油、盐、味精、胡椒适量食之。此粥性平和，养血安神，
美容养颜
，可辅助治疗荨麻疹等。

5、黑芝麻美发粥

《本草经疏》曰：“（黑芝麻）气味和平，不寒不热，被春日肝肾之佳谷也。”“须发不乌用之良”（《本草求真》）。先将适量黑芝麻淘洗干净，晒干后炒熟研碎，每次取25克，同黑米50克煮粥，粥成后加白糖适量，调和食之。黑芝麻含有丰富的维生素E、亚油酸、芝麻酚等，与黑米成粥，可营养毛囊细胞，促进毛发生长，增光泽。
中医应对黄褐斑侵袭,

现代医学认为，黄褐斑常与消化道疾病、肝肾疾病、盆腔炎、内分泌失调、妊娠等因素有关，长期服用避孕药也可发生。现介绍几种简便易行的外治疗法，患者不妨一试。


黄褐斑是常见的色素沉着性皮肤病，多见于育龄期妇女。主要临床表现是鼻梁两侧、两颊或前额处深褐色成片斑块，影响患者美观。

五白消斑膏

白芨、白附子、白芷各6克，白蔹、白木香各4.5克，密陀僧3克。上药共研细末，每次用少许药末放入鸡蛋清调成稀膏，晚睡前先用温水浴面，然后将药膏涂于有斑处，晨起洗净。

白芷祛斑膏

白芷200克，白附子40克，共研成极细末待用;菟丝子400克，洗净，加冷水1500毫升，浸泡两小时后，文火煎1小时，滤取药液400毫升。将白芷、白附子;细末趁热掺入菟丝子药液之中，充分搅拌和匀，装瓶备用。用法：每晚用冷水洗脸后，取药膏适量均匀薄日涂皮损处，保留两小时以上，临睡前用软纸擦去(勿用水洗)。1月为一疗程。方中白芷为美容佳品，《本草纲目》谓其“长肌肤，润泽颜色，可作面脂”;菟丝子，《
神农本草经
》认为其汁可去面上黑斑;白附子，《本草纲目》说能治“面上百病……面瘢疵”，“入面月旨用”。

紫草汤

紫草30克，茜草、白芷各10克，赤芍、苏木、红花、厚朴、丝瓜络、木通各15克，加水2000～2500毫升，煮沸15～20分钟，外洗面部并湿敷，对肝斑、中毒性黑皮病及面部继发性色素沉着疗效较好。

中西药联用

用
中药
面膜配合复方氢醌霜治疗面部黄褐斑有显效。配方用法：①中药面膜：白芷、白蔹、白芨、
当归
、
川芎
、桃仁、细辛各100克，共研细末，过80目筛备用。患者洁面后用开水将中药面膜15克调成糊状，待温热时敷于面部，40分钟后洗去，每3天1次。②复方氢醌霜外搽：每天晚上睡前搽复方氢醌霜于患处，并轻轻按摩以利吸收，避免搽及口周、眼周。30天为一疗程，连续用药两个疗程。③辨证加减内服中药：肝气不舒，易怒者加服逍遥丸;体弱、肾虚腰痛者加服六味地黄丸。④注意事项：治疗期间注意防晒，白天可搽市售防晒霜。用复方氢醌霜有轻微刺痛感，减量或停用即消失;用中药面膜时有灼热感，一般均能适应。

耳针疗法

取肝、肾、肺;内分泌、皮质下、交感、神门、面颊穴，体虚加脾胃穴，两耳交替治疗。找出以上敏感点后，贴压王不留行籽，以胶布固定，10次为一疗程。

现代医学认为：黄褐斑是一种色素代谢障碍性的皮肤病，是面部常见的色素沉着性皮肤病，表现为黄褐色、暗褐色或深咖啡色的斑片，常对称分布在脸颊、额、鼻、唇周等部位，表面光滑无鳞屑，常无自觉症状。颧部、鼻部的皮损，融合时则呈现蝴蝶形，所以又常称为“蝴蝶斑”。因为这种病有损于容颜的美丽，故把它列为“损容性皮肤病”。

中医认为，人是有机的整体，皮肤只是机体外表的一部分，它与脏腑、
经络
、气血等有着密切的关系，只有脏腑功能正常，气血充盈、经脉通畅，机体、容颜才不会衰老，须发也不会斑白，五官、爪甲才能得到滋润，肌肤自然光洁细腻，不会产生斑点。如果脏腑功能失调，经脉阻滞，气血不足，均可反映到脸上，黄褐斑的产生正是和人体脏腑、气血、冲任失调有关，是全身疾病的反映，而且与肝、脾、肾三脏功能失调关系最为密切。而且肝、脾、肾三脏功能失调，均可导致黄褐斑，如情志抑郁，导致肝气郁结，肝失条达，郁久化热，灼伤阴血，致使颜面气血不和，气滞血淤，络脉淤滞而引起黄褐斑;过食肥甘厚味，引起脾胃受损，失于健运，气血亏虚，不能上荣于面;或湿积化热，滞于肝脾，脉络阻塞于面而致黄褐斑。另外，肾水不足，阴液不能上荣，虚火上熏于面，燥结成斑;或肾阳不足，不能温养经脉，寒凝血滞而致黄褐斑，也较多见，且斑色黯黑，如产后和更年期的黄褐斑，多与肾亏有密切关系。现代研究表明，黄褐斑的发生有内分泌失调、紫外线过敏、体内代谢失衡等原因，还有自然衰老或由一些长期慢性病所导致，其中代谢失调造成“垃圾”沉积是主要成因。

皮肤，由表皮、真皮和皮下组织3部分组成。表皮是皮肤的最外层，由内而外又可分为基底层、棘细胞层、颗粒层、透明层和角质层。基底层为表皮的“母亲”层，可产生新鲜的皮肤细胞，这类细胞再生及分裂需4~6周，在皮肤细胞代谢的同时产生和排列一定数目的黑素细胞，由此而形成皮肤的颜色，其实黑色素是在酪氨酸酶的作用下，由酪氨酸氧化而生成，所以说皮肤色素的产生与酪氨酸酶的催化作用密切关联。

值得注意的是，滥用化妆品也会引起黄褐斑。这是因为某些化妆品，特别是不合乎化妆品卫生标准的一些化妆品中铜、锌、汞、铅含量超标，皮肤吸收后会引起酪氨酸酶活性增强，加速黑色素沉着，还有些伪劣化妆品刺激皮肤后导致炎症，并加重色素沉着，甚至破坏皮肤的正常生理功能。

长期在日光下暴晒也是黄褐斑的诱因之一。紫外线辐射可以改变角质细胞中黑色素小体的分布模式，会加重黄褐斑患者的病情。至于目前日益严重的环境污染，如粉尘、二氧化硫等浓度的升高，并大量溶解在潮湿的空气中，都可使面部皮肤中黑色素细胞密度增高，经光化作用黑色素合成增加，也会促发黄褐斑。长期服用某些药物如冬眠灵、苯妥英钠等，也可引起代谢失调而诱发黄褐斑。

中医经长期临床实践，认识到黄褐斑的发生与肝肾阴虚、肝郁气滞、心脾失调等有关，故可选用疏肝、清肝、滋阴、育肾的药物与含维生素、微量元素的食物组成药膳。药膳是一种“寓医于食”的好方法，它基于“药食同源”，是中华民族的伟大创举。

养颜消斑汤

配料百合30克，白芷10克，香附子10克，白芍20克，糯米20克，蜂蜜50毫升。

制法百合、白芷、香附、白芍、糯米等五味，加水500毫升，煮取汁200毫升;再加水煎，取汁200毫升。2次汁混合搅拌后，和入蜂蜜，调匀食用。

功能养颜消斑，祛风除湿。本膳用白芍，柔肝敛肝;香附，疏肝理气;白芷，祛风养颜;百合，养肺滋阴;糯米，和中养颜;加上蜂蜜，可润肠泽肤。故此膳能防治黄褐斑。

丝瓜络饮

配料丝瓜络10克，白茯苓10克，白僵蚕10克，白菊花10克，珍珠母10克，玫瑰花3克，红枣10克。

制法上七味药，用纱布包裹后，放锅中加水适量，连煎2次，

取汁2碗，分早、晚各饮1碗，或代茶频饮。

功能健脾祛风，悦颜祛斑。本膳用丝瓜络，清热通络，和中舒肝;白茯苓，健脾运中，淡渗利湿;白菊花，清热祛风，养肝悦颜;珍珠母，平肝宁心，清热解毒;玫瑰花，疏肝理气，养血美容;白僵蚕，清热祛风，调和营卫;红枣，健脾和中，润肌泽肤。


小编推荐：睡眠不好，皮肤灰暗；工作太忙、压力太大；胃弱、火气大、满脸痘痘……现在的女性，受越来越多的问题困扰着，试试用靓汤解决每一个问题
。[详情请看>>>>5款靓汤 解决女人5个问题]

中医刮痧能有效治疗黄褐斑,

黄褐斑是一种常见的美容方便的问题，大部分人会在40岁左右 出现，当然由于每个人的身体情况不同，有些人会出现的比较早，这也就让更多的女性着急，毕竟没有人愿意让自己的脸看起来很脏，那幺就选择
中医刮痧
有效治疗黄褐斑吧，以下具体介绍。
选择中医刮痧有效治疗黄褐斑
黄褐斑多对称分布于颧、颊、额、鼻、口周、眼眶周围，界线明显，压之不褪色，表面光滑，无鳞屑，无痒痛感。引起黄褐斑的因素很多，主要有内分泌因素、物理性因素、化学性因素、炎症性因素、营养性因素等。长期的精神紧张、慢性肝功能不良、结核病、癌瘤、慢性酒精中毒等均可诱发黄褐斑。

按照中医的基本理论，黄褐斑较常见的可分为三型，肝气郁结型、脾土亏虚型、肾水不足型。

中医的面部刮痧祛黄褐斑是传统与现代美容的结合，中医讲究的是阴阳平衡，全省刮痧能排除大量阴毒，这是有形的，面部是阳经聚合地方，疏刮痧气是阳毒，这是无形的。而现代中医里认为人体五脏六腑在面部都是有反射区的，
经络
之间是有一定的联系的，这种联结是内到五脏六腑，外到四肢百骸。当在面部进行刮拭刺激通过全息元传递经络穴位反射区至内脏双向调节，以外达内，以内养外，调节各个器官的生理活动，以求体魄的健康，肌肤的亮艳润泽。

刮痧板的选择，现在我们使用最多的就是犀牛角，另外最为美容刮痧用，还可以选择玉器刮痧板，效果也会非常好，同时要使用红花油，有利于操作，并且能够很好的活血，有利于毒素的排除。

刮痧部位：

肝郁型选择肝俞、太冲、血海、足三里;

脾虚型选择胃俞、脾俞、足三里、血海;

肾虚型选择肾俞、照海、足三里、血海。

刮痧禁忌证：

1、孕妇的腹部、腰骶部，妇女的乳头禁刮。

2、白血病，血小板少慎刮。

3、心脏病出现心力衰竭者、肾功能衰竭者，肝硬化腹水，全身重度浮肿者禁刮。

4、下肢静脉曲张，刮拭方向应从下向上刮，用轻手法。

5、凡刮治部位的皮肤有溃烂、损伤、炎症都不宜用这种疗法，大病初愈、重病、气虚血亏及饱食、饥饿状态下也不宜刮痧。

以上就是对中医刮痧有效治疗黄褐斑的简单介绍，其实这些自己也能够在家里进行操作，只要买一张中医穴位图就可以了，但如果自己觉得不方便，可以到美容院或含有
中医美容
的医院。希望通过这种方法能够很好的赶走您脸上的黄褐斑，还您一个干净的面庞。

推荐阅读：黄褐斑偏方

,
,
,
春“脸”之美容,

每到春天，人们脸上皮肤多变得干燥、粗糙，有的人还脸上长疙瘩或出现苔癣样变化。这种春季性皮炎与中波紫外线的照射有关。据科学家测定，春季阳光中紫外线含量最高，人对紫外线的敏感性也最高，尤其是处于青春期的女性。所以，春季性皮炎多见于青年女性和平时接受紫外线照射较少的室内工作者。那幺，如何防治春季性皮炎呢？
1、有春季性皮炎史的人，可适当外涂防晒剂，以保护皮肤免受各种波段紫外线和可见光的损伤。

2、防止长时间曝晒。春游时，可用宽边防护帽或伞遮挡。

3、不要用含光感物质较多的化妆品。如香料等。

4、多食含维生素A的食物及新鲜蔬菜和水果，以维持皮肤的正常功能。对一些可诱导春季性皮炎的光感性物质如油菜、菠菜、莴苣、无花果等，应尽量少吃或不吃。

5、洗脸时尽量不用热水、碱性肥皂、粗糙毛巾。

6、每天做面部美容操。其方法为：五指并拢，双掌摩擦微热后，轻轻按摩额、颧处肌肤以及鼻、耳部，持续3－5分钟，以促进面部血液循环，使面部皮肤光洁。

,
白茯苓的功效和作用 白茯苓面膜怎幺做,

每个女人都想要自己的肌肤白皙无暇，可是随着岁月的流逝，很多人的肌肤都出现了各种问题了，白茯苓的功效和作用其实是可以帮助缓解肌肤问题的，同时白茯苓还可以帮助人们延年益寿的，白茯苓面膜是女人的护肤品，同时白茯苓还有很多功效和作用的。

白茯苓的美容功效：白茯苓有助于女人
美白
祛斑，同时还可以滋润肌肤，如果是内服的话，可以增强身体的免疫功能，还可以有扩张血管的功效。白茯苓之所以可以美白，因为其中的维生素，维生素对肌肤很重要，尤其是维生素A、C、E等，不仅能调节人体机能和提高免疫力，还能改善皮肤组织，抑制色素沉着，因此多吃富含维生素的水果及蔬菜，如番茄、山楂、橘子、卷心菜等，能为肌肤及时补充活力。

白茯苓面膜的制作方法：


中医美容
专家提醒一般人们使用
中药
面膜是不过敏的，如果皮肤对于蜂蜜或是牛奶过敏的话，可以用纯净水来代替，如果对于白茯苓面膜粉过敏的话，最好赶紧停止使用哦，不过这些中药面膜一定要长期坚持使用才会见效的：

1、茯苓蜂蜜面膜

准备原材料：取出15g白茯苓粉和30g的蜂蜜

制作的方法：只是需要把蜂蜜与茯苓粉调成糊状就可以了。晚上睡觉前敷脸，翌晨用清水洗去即可。

主要作用：茯苓蜂蜜面膜能够补充皮肤的营养，还有取出肌肤黄褐斑的作用，中医认为茯苓能化解一切黑斑瘢痕，与蜂蜜搭配使用，既能营养肌肤又能淡化色素斑

2、三白面膜

准备原材料：1勺白芷粉、2勺白茯苓、1勺白芨、芦荟鲜汁、蜂蜜或牛奶适量

制作的方法：把三种粉末混合在一起，可是适当的加一些蜂蜜或是牛奶，夏天的时候只用牛奶就可以了，之后敷在脸上，大约20到30分种就可以洗去了。

主要作用：三白面膜具有柔嫩肌肤、美白润泽之功效。

3、杏仁茯苓敷

准备原材料：杏仁粉30g，茯苓粉10g，莲子10g，面粉适量。

制作的方法：将中
药材
研为细末，再与面粉混合均匀。加入温水调至稀稠适度，均匀敷于面部。20～30分钟后用清水将脸冼净

主要作用：杏仁茯苓敷具有光洁皮肤、延缓皮肤衰老的作用。

白茯苓的功效和作用已经是介绍完了，同时我们还学会了白茯苓面膜的做法，如果你还不会这些的话，最好是赶紧学习一下，女人一定需要这样的知识的。

推荐阅读：茯苓品种不同功效有差异

,
,
你适合用冷水还是热水洗脸,

你适合用冷水还是热水洗脸冬天用热水夏天用冷水?那幺你还停留在感温时代，未进入护肤时代。其实，每个人根据肤质的不同，选用的洗脸水也该是不同的。

1 洁面时水温以30℃为宜。
洗脸用热水、温水还是凉水，因人而异。简单地说，非油性皮肤和混合肤质的人，最好用高于30℃的温水洗脸，但要低于体温，用手试有温热感，不觉得烫即可。这种温水不仅可以轻松洗去面部浮尘，还可使毛孔张开，利于皮肤的深层清洁。注意水温不宜过热，超过人体正常体温时，面部血管壁的活力就会减弱，皮肤容易变得松弛无力、发干，出现皱纹。
2 洁面后用冷水洗脸。
洗脸时，先用温水将洁面用品揉出泡沫，敷于面部，轻柔地按摩1分钟，T形部位着重按摩。彻底冲净泡沫，最后用冷水洗脸。冷水可以增强血液循环，提高皮肤弹性。采用这种温水和冷水交替洗脸的方法，既可清洁面部皮肤，也可使皮肤浅表血管扩张、收缩，有利于面部皮肤的美容保养。
3 油性皮肤的人不宜用冷水。
油性肤质不宜使用冷水，冷水能使毛孔收缩，无法洗净堆积于面部的大量皮脂、尘埃及化妆品残留物等，不但不能达到美容的效果，反而引发痤疮或加重痤疮之类的皮肤问题。
4 不要使用脸盆和湿毛巾。
洗脸时最好不使用脸盆，脸盆里的水不是流动的水，脸上和手上的脏东西都会洗到水中，再用这样的水洗脸就起不到洁肤的作用。因此洗脸时应使用流动的水，先把手洗净后，再洗脸。洗脸后揩干时，应使用干毛巾，因为湿毛巾可能会成为各种微生物的滋生场所，用这种毛巾揩脸，脸就等于白洗了。


宫廷美容药膳笋烧海参,

[原料] 水发海参200克，鲜笋或水发竹笋100克，瘦猪肉汤500毫升。
[制作] 将水发海参切成长条，鲜笋切成片。将肉汤烧开，加入海参、竹笋，小火片刻，加入盐、糖、酱油、黄酒、淋入淀粉汁勾芡，汤汁明透即可。
[用法] 佐餐食用。
[功效] 滋阴养血、养颜、润肤。
[按语] 海参滋阴养血，猪肉滋阴润燥，竹笋清除内热，功能养颜、润肤，儿童经常佐餐食用本品，可使面部肌肤细腻、光润。

,
,
轻松吃药膳吃掉黑眼圈,

苹果生鱼汤
组成苹果3只(约500克)，生鱼1条(约150克)，生姜2片，红枣10枚，盐少许。
制法与用法生鱼去鳞、去鳃，用清水冲净鱼身、抹干。用姜落油锅煎至鱼身成微黄色;苹果、生姜、红枣洗干净后，苹果去皮去蒂，切成块状;生姜去皮切片，红枣去核.瓦煲内加入适量清水，用猛火煲滚。然后加入全部材料，改用中火继续煲两个小时左右。加入盐调味，即可饮用。每日两次，早晚饮用。
功效预防黑眼圈的出现，防止眼下出现眼袋(编辑推荐：遗传是形成眼袋的一个重要的因素，而且随着年龄的增长愈加明显。要消除眼袋请看--除眼袋办法一二三)。此外苹果生鱼汤还可治疗脾虚、气血不足、浮肿、头晕、失眠。

枸杞
猪肝汤
组成枸杞子50克，猪肝400克，生姜2片，盐少许。
制法与用法清水洗净枸杞子。猪肝、生姜分别用清水洗干净。猪肝切片，生姜去皮切2片。先将枸杞、生姜加适量清水，猛火煲30分钟左右。改用中火煲45分钟左右，再放入猪肝。待猪肝熟透，加盐调味即可。早晚各一次。
功效补虚益精，清热祛风，益血明目。预防肝肾亏虚所引起的黑眼圈。
1 2 下一页

中医美容 为何这幺神奇,

(一)滋润五脏，补益气血
五脏，即心肝脾肺肾，人体脏腑器官、四肢九窍、皮毛盘骨均是以五脏为中心构成一个有机整体。五脏气血盛衰，直接关系到面容的荣枯五脏通过
经络
、阳气阴血及津液的运送和散布达体箐，以滋补润养皮肤，抗御外邪侵袭，从而保持面部润泽，容貌不枯气血是指构成人体和维持生命活动的最基本物质之一。气血对人体各脏腋组织起着温煦、防御、营养、滋润作用，以维持各器官的正常性理功能，气血旺盛表现在面色红活，肌肉丰满，皮肤、毛发润泽等。
可以说，五脏强盛，是整体美容的保证，气血充盈，是整体美容的物质基础，故
中医美容
学非常重视脏腑气血在美容中的作用，通过滋润五脏，补益气血使身体健壮，容颜长驻。
(二)疏通经络，活血行瘀
经络广布人体，是运行全身气血，联络脏腑肢节，沟通上下内外的通路。人体所需的各种营养物质均由经络系统支行到全身每个部位，若经络不通，气血运行不畅，肌肤皮毛得不到濡养，则可导致皮肤疾病的发生而影响美容，如痤疮、雀斑、酒渣鼻、黄褐斑、瘢痕等都是与气血失和、瘀血阴滞有关，故中医美容方法中，无论内服、外用或针灸、按摩、气菌等均要遵循疏经通络，活血行瘀的原则，以求得到较好的美容效果。
(三)祛风清热，凉血解毒
皮毛颜面与外界接触最为密切，外邪入侵人体首先殃及皮毛。中医认为外感邪气首推“六淫”。六淫之中以风邪、热邪对美容损害最大，且易化毒人血，使血分炽热，导致许多损容疾病的发生，因此，祛风清热，凉血解毒是中医美容的另一个重要原则。
(四)消肿散结，燥湿止痒
某些有损美容的疾病，如痤疮、酒渣鼻等，多因风热湿毒所致，往往局部又肿又痒，时重时轻，且缠绵不愈。因此，在祛风清热，凉血解毒的同时，党政军应适当配入消肿散热，燥湿止痒之品，如蛇床子、夏枯草、贝母、地肤子等。
(五)嫩肤增白，美颜减皱
皮肤白皙，红润有泽，富有弹性不仅是健康的樗，更是美的魅力所在。中医美容除了通过益气补血，调理阴阳，活血通络等方法达到增白嫩肤，悦泽容颜的目的餐，常可在一些美容方中加入直接滋养肌肤，增白除皱之药品，如杏仁、桃仁、鸡蛋清、玉容粉、红玉膜等。
(六)舒肝解郁，理气和解
有些头面疾病，如白癜风、黄褐斑、头发早白等多因情志不遂，肝郁气滞，气血失和所致。故治疗时多选取用柴胡疏肝散，消遥丸等疏肝理气之方。

三白汤　让你又白又嫩,

流传比较广泛的
中医美容
方，可能要数明代（16世纪）医学着作《医学入门》记载的三白汤，“白芍、白术、白茯苓各5克，
甘草
2.5克，水煎，温服”。这个方子最初治疗伤寒虚烦，后来发现可以补气益血、
美白
润肤，遂在民间流传开来。此方配伍精当，适于气血虚寒导致的皮肤粗糙、萎黄、黄褐斑、色素沉着等。中医认为人的皮肤悦泽与否和脏腑功能有密切关系，如果脏腑病变，气血不和则皮肤粗糙，面部生斑。因此，该方剂从调和气血、调理五脏的功能入手，从而美白祛斑。
白芍、白术和白茯苓是传统的润泽皮肤、美白的药物，它们与甘草一起还可以延缓衰老。在中医理论中，白芍味甘、酸，性微寒，有养血的作用，可以治疗面色萎黄、面部色斑、无光泽；白术性温，味甘、苦，有延缓衰老的功效；白茯苓味甘、淡，性平，能祛斑增白；甘草性平，味甘，有润肤除臭的功效，用于脾胃虚弱所导致的口臭以及皮肤皲裂等。

现代的药理研究也证实了上述各药的美容作用：白芍有清除自由基、抗氧化的作用；白术、白茯苓可以增强免疫功能，扩张血管；甘草有免疫调节作用，外用可以防晒，增白消斑，防止皮肤粗糙等，因此不少美白护肤品中都含有甘草提取液。

女性朋友可以到药店购买这4种药，用水煎汤喝。如果嫌麻烦，还可以自制袋泡茶，取白术、白芍、白茯苓各150克，甘草75克，分别研成粗粉末，混合均匀，装入30个小包中，每天取1包用沸水冲泡，当茶喝。

其实，
中药
美容的历史悠久、源远流长，除了三白汤，晋代葛洪的《肘后救卒方》首创了用鸡蛋、香粉、杏仁制成的美容面膜。有美白、祛斑作用的方剂也不少，如《洪氏集验方》中记载的琼玉膏（由
人参
、生地黄、白茯苓、白蜜组成）有益气养阴、润肤增白的作用。

危险的美眼举措 你知道吗？,

一些小小的美眼举措，其实有点危险，你知道吗？你在擦眼霜，非常勤奋地帮眼睛做按摩运动，据说能让双目炯炯有神；你在贴假睫毛，誓要睫毛又长有翘电力十足；你在涂眼线、睫毛液，将动人眨眼瞬间魅力无限延伸；你甚至纹了眼线、眉毛，活脱一个美目传神的人工靓女。这些美眼举措很可能造成美眼不足，伤害有余。
化妆品要小心细菌超标
眼科专家认为，一些美眼行为，如化妆、擦眼霜，一旦化妆品、护肤品受到污染，会让一些超标细菌入侵眼睛，引起眼角膜和结膜的炎症或溃疡等。
眼科医生指出，一些美眼行为直接影响的通常是结膜，少数会影响角膜，引起角膜炎，继而演变成角膜溃疡，最后可能演变成角膜穿孔。
若影响的只是结膜，通常会有充血、发红的反应，眼内分泌物增多，经过用药或等两天就会让症状逐渐减退。但如若影响的是角膜，即使没到发炎的地步，也容易让康复后的角膜浑浊或留下白斑。所以最好的预防办法是别去街头买没有来路的劣质化妆品。
创伤性眼美容后勿按摩
若是纹眼线，会伤害睑缘皮肤，会出现暂时性的
结膜炎
，术后的3-5天内要提防继发性感染，局部使用抗菌素眼药水，若是早期肿得厉害还要口服抗菌药物。
说到现在流行的准分子手术，也是一种创伤性的眼部美容法，由于角膜在手术中被削薄了，所以术后是不适合进行按摩的。
不单是准分子手术，包括青光眼、白内障、角膜移植手术等创伤性手术，术后均不适宜按摩，即使是抹眼霜时也要小心，做到不做按压，术后半年至一年内眼保健操也尽量不做，否则会是眼球受压迫，产生诸如角度变化、压迫伤口、妨碍愈合的后果。

,
按摩足三里能抗衰老,在我们的膝盖下面有一个调肠胃、抗衰老的穴位――足三里穴，当我们把腿屈曲时，可以看到在膝关节外侧有一块高出皮肤的小骨头，这就是外膝眼，从外膝眼直下四横指处就是足三里。

中医药认为足三里穴是胃经的合穴，所谓合穴就是全身经脉流注会合的穴位，全身气血不和或阳气虚衰引起的病症，尤其是胃经气血不和，敲打足三里都能够进行调整，可以治疗胃痛、呕吐、腹胀、肠鸣、泻泄、便秘等胃肠道消化不良的病症。经常按摩足三里，还能防病健身、抗衰延年，对各种常见的老年病有很好的防治效果。

在车上、工间休息的时候，不妨经常按摩足三里，持之以恒，定有裨益。

具体方法是：用大拇指或中指在足三里穴做按压动作，每次5―10分钟，注意每次按压要使足三里穴有针刺一样的酸胀、发热的感觉。
,
十种天然排毒美容佳品,

黄瓜　……>>初秋 用水果给美丽加分
味甘，性平，又称青瓜、胡瓜、刺瓜等，原产于印度，具有明显的清热解毒、生津止渴功效。现代医学认为，黄瓜富含蛋白质、糖类、维生素B2、维生素C、维生素E、胡萝卜素、尼克酸、钙、磷、铁等营养成分，同时黄瓜还含有丙醇二酸、葫芦素、柔软的细纤维等成分，是难得的排毒养颜食品。黄瓜所含的黄瓜酸，能促进人体的新陈代谢，排出毒素。维生素C的含量比西瓜高5倍，能
美白
肌肤，保持肌肤弹性，抑制黑色素的形成。黄瓜还能抑制糖类物质转化为脂肪，对肺、胃、心、肝及排泄系统都非常有益。夏日里容易烦躁、口渴、喉痛或痰多，吃黄瓜有助于化解炎症。

荔枝　……>>豆浆生活之意外瘦身 苦瓜拌荔枝（夏季食疗）

味甘、酸，性温，有补脾益肝、生津止渴、解毒止泻等功效。李时珍在《本草纲目》中说：“常食荔枝，补脑健身……”《随身居饮食谱》记载：“荔枝甘温而香，通神益智，填精充液，辟臭止痛，滋心营，养肝血，果中美品，鲜者尤佳。”现代医学认为，荔枝含维生素A、B1、C，还含有果胶、游离氨基酸、蛋白质以及铁、磷、钙等多种元素。现代医学研究证明，荔枝有补肾、改善肝功能、加速毒素排除、促进细胞生成、使皮肤细嫩等作用，是排毒养颜的理想水果。>>贪心多吃荔枝小心低血糖

木耳　……>>黑木耳祛病的食疗良方

味甘，性平，有排毒解毒、清胃涤肠、和血止血等功效。古书记载，木耳“益气不饥，轻身强志”。木耳富含碳水化合物、胶质、脑磷脂、纤维素、葡萄糖、木糖、卵磷脂、胡萝卜素、维生素B1、维生素B2、维生素C、蛋白质、铁、钙、磷等多种营养成分，被誉为“素中之荤”。木耳中所含的一种植物胶质，有较强的吸附力，可将残留在人体消化系统的灰尘杂质集中吸附，再排出体外，从而起到排毒清胃的作用。

蜂蜜　……>>花粥养颜 美人如花

味甘，性平，自古就是滋补强身、排毒养颜的佳品。《
神农本草经
》记载：“久服强志轻身，不老延年。”蜂蜜富含维生素B2、C，以及果糖、葡萄糖、麦芽糖、蔗糖、优质蛋白质、钾、钠、铁、天然香料、乳酸、苹果酸、淀粉酶、氧化酶等多种成分，对润肺止咳、润肠通便、排毒养颜有显着功效。近代医学研究证明，蜂蜜中的主要成分葡萄糖和果糖，很容易被人体吸收利用。常吃蜂蜜能达到排出毒素、
美容养颜
的效果，对防治心血管疾病和神经衰弱等症也很有好处。>>DIY蜂蜜美容八大秘方[图]

胡萝卜

味甘，性凉，有养血排毒、健脾和胃的功效，素有“小
人参
”之称。胡萝卜富含糖类、脂肪、挥发油、维生素A、维生素B1、维生素B2、花青素、胡萝卜素、钙、铁等营养成分。现代医学已经证明，胡萝卜是有效的解毒食物，它不仅含有丰富的胡萝卜素，而且含有大量的维生素A和果胶，与体内的汞离子结合之后，能有效降低血液中汞离子的浓度，加速体内汞离子的排出。

苦瓜　……>>丝瓜能调理月经（食疗）

味甘，性平。中医认为，苦瓜有解毒排毒、养颜美容的功效。《本草纲目》中说苦瓜“除邪热，解劳乏，清心明日”。苦瓜富含蛋白质、糖类、粗纤维、维生素C、维生素B1、维生素B2、尼克酸、胡萝卜素、钙、铁等成分。现代医学研究发现，苦瓜中存在一种具有明显抗癌作用的活性蛋白质，这种蛋白质能够激发体内免疫系统的防御功能，增加免疫细胞的活性，清除体内的有害物质。苦瓜虽然口感略苦，但余味甘甜，近年来渐渐风靡餐桌。>>水当当肌肤要靠凤梨苦瓜汁

海带　……>>为何吃豆腐最好配海带？

味咸，性寒，具有消痰平喘、排毒通便的功效。海带富含藻胶酸、甘露醇、蛋白质、脂肪、糖类、粗纤维、胡萝卜素、维生素B1、维生素B2、维生素C、尼克酸、碘、钙、磷、铁等多种成分。尤其是含丰富的碘，对人体十分有益，可治疗甲状腺肿大和碘缺乏而引起的病症。它所含的蛋白质中，包括8种氨基酸。海带的碘化物被人体吸收后，能加速病变和炎症渗出物的排除，有降血压、防止动脉硬化、促进有害物质排泄的作用。同时，海带中还含有一种叫硫酸多糖的物质，能够吸收血管中的胆固醇，并把它们排出体外，使血液中的胆固醇保持正常含量。另外，海带表面上有一层略带甜味儿的白色粉末，是极具医疗价值的甘露醇，具有良好的利尿作用，可以治疗药物中毒、浮肿等症，所以，海带是理想的排毒养颜食物。

茶叶　……>>荷叶、菊花都是减肥药茶 绿茶多变　美颜瘦身

性凉，味甘苦，有清热除烦、消食化积、清利减肥、通利小便的作用。中国是茶的故乡，对茶非常重视。古书记载：“神农尝百草，一日遇七十二毒，得茶而解之。”说明茶叶有很好的解毒作用。茶叶富含铁、钙、磷、维生素A、维生素B1、尼克酸、氨基酸以及多种酶，其醒脑提神、清利头目、消暑解渴的功效尤为显着。现代医学研究表明，茶叶中富含一种活性物质――茶多酚，具有解毒作用。茶多酚作为一种天然抗氧化剂，可清除活性氧自由基，可以保健强身和延缓衰老。>>专家推荐：高血压茶疗十法

冬菇

味甘，性凉，有益气健脾、解毒润燥等功效。冬菇含有谷氨酸等18种氨基酸，在人体必需的8种氨基酸中，冬菇就含有7种，同时它还含有30多种酶以及葡萄糖、维生素A、维生素B1、维生素B2、尼克酸、铁、磷、钙等成分。现代医学研究认为，冬菇含有多糖类物质，可以提高人体的免疫力和排毒能力，抑制癌细胞生长，增强机体的抗癌能力。此外，冬菇还可降低血压、胆固醇，预防动脉硬化，有、强心保肝、宁神定志、促进新陈代谢及加强体内废物排泄等作用，是排毒壮身的最佳食用菌。

绿豆

味甘，性凉，有清热、解毒、祛火之功效，是我国中医常用来解多种食物或药物中毒的一味
中药
。绿豆富含维生素B族、葡萄糖、蛋白质、淀粉酶、氧化酶、铁、钙、磷等多种成分，常饮绿豆汤能帮助排泄体内毒素，促进机体的正常代谢。许多人在进食油腻、煎炸、热性的食物之后，很容易出现皮肤痒、暗疮、痱子等症状，这是由于湿毒溢于肌肤所致。绿豆则具有强力解毒功效，可以解除多种毒素。现代医学研究证明，绿豆可以降低胆固醇，又有保肝和抗过敏作用。夏秋季节，绿豆汤是排毒养颜的佳品。


药浴 美容养生的双赢,

药浴，在中国已有几千年的历史。据记载自周朝开始，就流行香汤浴。所谓香汤，就是用
中药
佩兰煎的药水。其气味芬芳馥郁，有解暑
祛湿
、醒神爽脑的功效。伟大爱国诗人屈原在《云中君》里记述：“浴兰汤兮沐芳华。”其弟子宋玉在《神女赋》中亦说：“沐兰泽，含若芳。”从清代开始，药浴就作为一种防病治病的有效方法受到历代中医的推崇。
在中医中，药浴法是外治法之一，即用药液或含有药液水洗浴全身或局部的一种方法，其形式多种多样：洗全身浴称“药水澡”;局部洗浴的又有“烫洗”、“熏洗”、“坐浴”、“足浴”等之称，尤其烫洗最为常用。药浴用药与内服药一样，亦需遵循处方原则，辨病辨证选药。即根据各自的体质、时间、地点、病情等因素，选用不同的方药，各司其属。煎药和洗浴的具体方法也有讲究：将药物粉碎后用纱布包好(或直接把药物放在锅内加水煎取亦可)。制作时，加清水适量，浸泡20分钟，然后再煮30分钟，将药液倒进盆内，待温度适度时即可洗浴。在洗浴中，其方法有先熏后浴之熏洗法，也有边擦边浴之擦浴法。

药浴作用机理概言之，系药物作用于全身肌表、局部、患处，并经吸收，循行
经络
血脉，内达脏腑，由表及里，因而产生效应。药浴洗浴，可起到疏通经络、活血化淤、驱风散寒、清热解毒、消肿止痛、调整阴阳、协调脏腑、通行气血、濡养全身等养生功效。现代药理也证实，药浴后能提高血液中某些免疫球蛋白的含量，增强肌肤的弹性和活力。现向大家推荐几种家庭常用保健药浴方：护肤美容方：

绿豆、百合冰片各10克，滑石、白附子、白芷、白檀香、松香各30克。研末入汤温浴，可使容颜白润细腻。

健发美容方(清宫慈禧太后用)：零陵香30克，玫瑰花、辛夷各15克，细辛、公丁香、山奈各10克，白芷90克，檀香20克，
甘草
12克。共研细末，用苏合油10克拌匀入汤浴头，可预防脱发和白发，使秀发常年乌黑亮泽。

延年保健浴：用
枸杞
子煎汤浴身，可令人皮肤光泽，百病不生，延年益寿。

,
,
,
,
人参皮肤清洁剂,


人参
皮肤清洁剂
组成：C12烷基(EO)3醚硫酸钠6．0～8．0，单月桂醇柠檬酸酯钠6.0～8．0，甲醛0．1～0．2，氯化钠0．1～3．0，椰油脂肪酸单醇酰胺乙氧基化物1．0～2．0，甘油1．0～3．0，人参组织培养浸液0．5～1．0，亚硒酸钠0．0005～0．002，有机染料0．001～0．01，柠檬酸0．05～0．5，香料1．0～2．0，精制水余量。
说明：本配方对皮肤脱脂作用低，使皮肤柔软光滑，肌肤细胞再生快。

苹果 调理肠胃的好帮手,

苹果性味甘凉，具有生津、润肺、健脾、益胃、养心等功效。特别值得一提的是，苹果具有很好的调理肠胃的作用，适合便秘和腹泻患者食用。那幺，便秘、腹泻患者该如何食用苹果，方可更好地发挥其调理肠胃的作用呢?
苹果之所以有止泻和通便的双重作用，是因为苹果中含有鞣酸、果胶、膳食纤维等特殊物质。未经加热的生果胶可软化大便，与膳食纤维共同起到通便作用。而煮过的果胶则摇身一变，不仅具有吸收细菌和毒素的作用，而且还有收敛、止泻的功效。因此，建议便秘的患者多吃一些新鲜的苹果(每日早晚可空腹吃苹果1—2个)，而腹泻的患者不妨把苹果煮熟了来吃。
苹果中的鞣酸，也具有收敛作用，它能使大便内水分减少，从而止泻。小儿腹泻时，家长可先将苹果用开水洗净，放入沸水中煮5—8分钟，去皮，用勺刮成泥，每日4次，每次50克;一岁以下婴儿每次30克，日服3—4次。也可取鲜苹果一个，洗净，加水3碗，煎煮成2碗，以汁浓为佳，每天一剂，代替果汁饮用。
鞣酸在果皮中含量更丰富，而果肉内，特别是近果皮处，果胶含量相对丰富。因此，成人在吃熟的苹果时，最好连皮一起吃，这样止泻的效果会好些。

,
女皇御用“养颜秘方”,

武则天是中国历史上第一个女皇，而且是一个活了81岁的长寿女皇，这里不论她的政治业绩，只讲讲她在养生保健上的独到之处。
武则天是非常讲究保养的人，御医们也为她的皮肤护理开出了很多美容秘方，有两个很有名的美容秘方是武则天常用的。一个是“益母草泽面方”，后世的医书中也曾经收录并改名为“神仙玉女粉”。益母草是
妇科
的良药，既可内服，也可外用。外用敷面，有治疗肤色黑、祛除面部斑点和皱纹等功效;经常使用能使皮肤滋润有光泽。
“益母草泽面方”具体的做法是，每年农历五月初五采集根苗全具的益母草，采集的益母草上不能带一点土。将采来的益母草晒干，粉碎后过细箩，加入适量的面粉和水，调和成鸡蛋大小的团药，晒干，然后用黄泥土制成炉子，炉子四边各开一个小孔，炉上层和下层放入炭火，两层间放置药丸，点火烧制。
大火烧一顿饭时间，改用文火慢慢煨制24小时，中间不能灭火，最后炼出的上等药丸应该是药色洁白细腻的。药丸一般制好取出后要凉透，放入瓷钵中，用玉锤(或鹿角锤)研粉，过细箩，再研，如此反复，粉越细越好。接着将玉粉或鹿角粉掺入药内，然后将药放入瓷瓶密闭，用的时候再拿出来。
制作这种药丸非常讲究，包括采药的时间、
药材
的品色、制药过程中的火候等等，如果做不好，药丸变黑、变黄，都会失去功效。刚开始用这个药洗面，会觉得手开始变得润滑，脸上也有了光泽，以后逐渐会面生血色，脸色红润，如果长年使用，四五十岁的妇人，看上去也会像十五六岁的女子一样年轻。武则天80岁的时候，还能保持秀美的容貌，看来跟她经常使用这个美容秘方不无关系。
另一个美容方，是御医张文仲给武则天开的，叫常敷面脂。面脂作为养颜美容用品，在唐代很为流行，相当于我们今天的面膜，有别于今天的是，那时候的面膜都是用天然的药材制成的。这个方子的主要成分是用细辛、葳蕤、黄芪、白附子、山药、辛夷、
川芎
、白芷、瓜蒌、木蓝皮，加猪油炼成的。制作方法也很复杂，药要切碎，然后用酒浸泡一晚，再煎制，慢慢形成凝固，才能成为面脂。葳蕤、瓜蒌、猪油有滋阴润肤的功效，细辛、白附子、辛夷可以祛风通窍，黄芪可益气补肾，川芎、木蓝皮能活血保湿。所以这个面膜用后可以光洁皮肤、祛皱保湿，疗效还是很显着的。

美容 你还只停留在表面吗？,

传统医学认为人体是一个普遍联系的整体，皮肤的光泽濡润与脏腑功能息息相关。中医的治病观念偏向于食疗。看中医如何解决秋季皮肤问题，真正做到调治于内而美于外。
中医认为“天地人是合而为一的整体”。“天、地、人”三方是环环相扣，联系紧密的，其中任何一方的联系出了问题，都会影响到其余的两方。当气候变化的时候，人体也会发生相应的变化。在秋天主要表现为干燥。养生防病，就应该从防燥入手。气候的干燥势必会带走皮肤的水分，皮肤问题以干燥粗糙为主。干燥表现在皮肤上主要为皮肤缺水和瘙痒，除了要每天坚持喝水和主动防晒保湿外，我们还要做好内部脏腑的工作。
中医的整体观念认为，皮肤是脏腑的外部表现器官。五脏六腑的肺、胃、脾都表现在皮肤上。
专家说，“秋燥伤肺”，肺表现在皮肤上，表现为汗液的增减，当肺脏被伤后，就可以引起皮肤状态的改变，皮肤就会出现可大可小的问题。清代医家唐宗海称肺为“水之上源”，水液要经肺的宣发作用，如喷泉一般将水液均匀灌溉到人体，才能濡养五脏六腑，全身肌肉，润泽皮肤。若肺的功能失常，失去了输布水液的能力，皮肤就不能得到正常的濡养滋润啦。
代表
中药
：罗汉果，杏仁
罗汉果：能清肺润肠。现代研究表明罗汉果还有净化血液中的过氧化脂质的作用，可以改善全身皮肤新陈代谢，以达到补水，美容的效果。
杏仁：具有生津止渴、润肺定喘的功效。现代研究证明：杏仁富含单不饱和脂肪酸和维生素E，这两种物质都非常有助于控制甚至降低血液中的胆固醇含量，并具有抗氧化功能，滋养肌肤。
食疗小品：
百合罗汉果煲汤：百合30克、罗汉果半个、鸡500克、猪瘦肉100克、生姜3片。
药材
洗净稍浸泡，鸡切块，猪瘦肉洗净，与生姜放进瓦煲内，加清水，武火煲沸后，改文火煲2小时，调味便可。
中药杏仁为苦杏仁，有小毒，平时不宜服用。一般常用为甜杏仁，可以当作零食直接吃，也可调味或制成杏仁露服用，还可以作为原料加入蛋糕、曲奇和菜肴中。

冬季，预防皮肤干燥,

冬季寒冷干燥，人体皮肤毛孔骤然收缩，干性皮肤的人会觉得皮肤紧绷绷的不舒服，甚至起皱脱皮；有些本来油性皮肤的人由于毛孔骤然收缩也不会发干，原来油腻腻的现象只有早上起床时稍有一点点了。
造成这些现象的原因是由于皮肤的水分被户外干燥的空气吸收，加之冬天皮肤新陈代谢缓慢，尤其是眼睛四周皮脂腺少，极易缺水，产生皱纹，所以冬季皮肤护理就显得尤其重要。

一般在冬季到来之前就应当开始皮肤护理，以
经络
穴位按摩为主，促进血液循环和新陈代谢，辅以蒸气和营养霜补充水份和营养，这样既恢复皮肤的张力和弹性，又能令皮肤滋润光泽。眼睛四周用眼霜保养，可防止皱纹的产生。如果已有了稍严重的皱纹，可用电脑拉皮去除。平时用专用眼部精华素保养，效果很好。

淡化斑点的小窍门,白领丽人上班劳神是个事实，虽然工资不菲，但精力透支是常事。强烈的灯光刺激、电脑辐射、工作压力都是女性长斑的大敌。“从现在的保健时尚来看，维生素C最适合放在办公室。

口服维生素C有淡斑的效果。维生素C被白领阶层看好，主要是因为维生素C具有祛斑作用，它可抑制代谢废物转化成有色物质，减少黑色素的形成。在美容的意义上看，起到了“漂白剂”的作用。除了漂白之外，皱纹和光泽是美容的另一个重要问题。

维生素C还有增加血管弹性和修复损伤组织，促进胶原形成的作用，这就保证了营养物质能够畅通地运输到脸部皮肤，促进“皮肤支架”的坚固，皱纹得以减少，光泽得以恢复。

不过提醒一下，维生素C只能短期服用，也就是每天吃一片，最多吃一个月就得停服一段时间。

新方法：蜂蜜敷脸淡去星星点点

一般来说，皮肤白的人容易长斑，肤白的人大多是中性或是偏干性的肤质，容易长斑和长皱纹。这类人群应特别注意保养。祛斑是个长期的护理保养过程，不提倡用那种一次性祛掉斑点的护肤品。那些护肤品里大多都含有对人体有害的汞和熊果酸，即使当时��了斑,以后还是会重新长出来。

如果你想用最少的钱��斑，不妨采用蜂蜜敷脸法。

每天晚上利用看电视的时间，取一点蜂蜜敷在脸上。一个小时后将蜂蜜洗掉，这种方法不仅能使皮肤变得光滑，而且还有淡斑的效果。

你要想不长斑就得做好长期保卫战：不喝浓茶;不吃色素很重的食物比如说酱油拌饭;做定期的运动;保证水分摄入充足(每天8杯水)，睡眠充足;保持良好的心态。
,
“美容灸”调出好气色,

好的气色往往反映出健康的身体状况，中山大学孙逸仙纪念医院针灸科易伟民医生指出，只有脏血功能正常，气血旺盛，才能保持青春、容光焕发。出现黑眼圈、眼袋和面部皱纹时往往需要滋阴补肾、清降虚火、化淤通络，
艾灸
以下这些穴位，可以帮助您从内而外调出好气色。
合谷位于手背第一、二掌骨之间，近第二掌骨之中点处。合谷穴是手阳明大肠经原气汇聚的重要穴位。《四总穴歌》说“面口合谷收”，就是说合谷穴具有治疗面部病症的作用，因为合谷穴可疏通局部
经络
气血。
膈俞先找肩胛骨，也就是常说的“翅膀骨”，它的内下角跟第七胸椎在一条水平线上，这条线的中点就是膈俞穴。
肝俞在膈俞下面两个锥体，大约2.5厘米。
肾俞第二腰椎棘突下，旁开1.5寸。
太溪在手指从脚内踝最高的地方向后捋，跟腱前的凹陷处。
水分脐上1寸。此穴可助收腹去脂，同时可消除水肿和小便不利。
脾俞第九胸椎棘突下，各旁开1.5寸。艾灸这个穴位可增强机体新陈代谢，促进血液循环，对消除水肿有效。
三阴交在内脚踝上三寸，胫骨内侧后缘。这是女性的常用穴，艾灸此穴可调整机体的阴阳平衡，对内分泌失调而出现的各种症状均有平衡作用。
易伟民医生建议做美容灸时，用无烟艾灸条温和灸以上穴位，每次艾灸时间以10 ~15分钟为佳，艾灸距离穴位3 ~5厘米，每天艾灸一次，灸至穴位暖和、微微发红即可，10次为一疗程。

秋天多喝蜂蜜少吃姜,

秋天多喝些蜂蜜有利于预防秋燥，改善便秘，这点了解的人很多。同时营养学家还提醒我们，秋天应该少吃姜，这是为什幺呢？
这因为，秋天的主要气候特点是干燥，空气中缺少水分，人体同样缺少水分。为了适应秋天这种干燥的特点，那幺，我们人体就必须经常给自己"补液"，以缓解干燥气候对于我们人体的伤害。多喝水也就成了我们对付"秋燥"的一种必要手段。但是，如果我们光喝白开水，并不能完全抵御秋燥带给我们的负面效应。水份进入人体后，很快就会被蒸发或排泄出体外，所以，我国古代医学家就替我们提供了一条对付秋燥的最佳饮食良方："朝朝盐水，晚晚蜜汤。"换言之，喝白开水，水易流失，若在白开水中加入少许食盐，情况就大不同了，那就不那幺容易流失了。这种方法，与我们现代医学中的给病号补充生理盐水是一个道理。白天喝点盐水，晚上则喝点蜜水，这既是补充人体水分的好方法，又是秋季养生、抗拒衰老的饮食良方，同时还可以防止因秋燥而引起的便秘，真是一举三得。

蜂蜜是大自然赠给我们人类的贵重礼物，它所含的营养成分特别丰富，主要成份是葡萄糖和果糖，两者的含量达70%，此外，还含有蛋白质、氨基酸、维生素A、维生素C、维生素D等。蜂蜜具有强健体魄、提高智力、增加血红蛋白、改善心肌等作用，久服可延年益寿。《本草纲目》记载："蜂蜜有五功：清热、补中、解毒、润燥、止痛。"现代医学也证明，蜂蜜对神经衰弱、高血压、冠状动脉硬化、肺病等，均有疗效。在秋天经常服用蜂蜜，不仅有利于这些疾病的康复，而且还可以防止秋燥对于人体的伤害，起到润肺、养肺的作用。从而使人健康长寿。
秋燥时节，一方面要多喝盐水和蜜水，另一方面不吃或少吃辛辣烧烤之类的食品，这些食品包括辣椒、花椒、桂皮、生姜、葱及酒等，特别是生姜。这些食品属于热性，又在烹饪中失去不少水分，食后容易上火，加重秋燥对我们人体的危害。当然，将少量的葱、姜、辣椒作为调味品，问题并不大，但不要常吃、多吃。比如生姜，它含挥发油，可加速血液循环；同时含有姜辣素，具有刺激胃液分泌、兴奋肠道、促使消化的功能；生姜还含有姜酚，可减少胆结石的发生。所以它既有利亦有弊，民间也因此留下了"上床萝卜下床姜"一说，说明姜可吃，但不可多吃。特别是秋天，最好别吃，因为秋天气候干燥、燥气伤肺，加上再吃辛辣的生姜，更容易伤害肺部，加剧人体失水、干燥。在古代医书中也出现这样的"警示"："一年之内，秋不食姜；一日之内，夜不食姜。"看来，秋天不食或少食生姜以及其它辛辣的食物，早已引起古人的重视，这是很有道理的。

因此，为了我们自己的身体不受秋燥的伤害，当秋天来临之际，我们最好"晨饮淡盐水、晚喝蜂蜜水，拒食生姜"，以便安然度过"多事之秋"，以保自家身体健康！


爱美女性必知的按摩美容术,很多专家都会出书来推荐她们的
美容养颜
秘诀，这其中专家的书籍里大多不会漏掉的，就是按摩美容的方法。

按摩美容术 紧肤祛皱不花钱

常见穴位的美容应用

印堂：两眉头连线的中点

美容应用：粉刺、面瘫、额部皱纹、神经性头痛等

攒竹穴
：眉毛内侧边缘凹陷处（眼保健操第三节中按揉太阳、攒竹）

美容应用：面部皱纹、视物不清、面肌痉挛、头痛、眼睑下垂等

阳白：瞳孔直上方，离眉毛上缘约二厘米处。足少阳胆经与阳维脉的会穴。

美容应用：额部皱纹、上眼睑下垂浮肿，头痛等

鱼腰：眉毛的中点

美容应用：额部眼角皱纹、上眼睑下垂浮肿等

丝竹空：眉梢的凹陷中。

美容应用：明目、面部痉挛、鱼尾纹、倒睫、睑闭不合等

瞳子�s：眼睛外侧一厘米处（目外眦旁，当眶外侧缘处）。足少阳胆经的起始穴位。手太阳小肠经、手少阳三焦经与足少阳胆经的会穴。

美容应用：面部痉挛、鱼尾纹。面部保健常用穴等

承泣：瞳孔直下方，眼球与下眼眶边缘之间。

美容应用：面瘫、眼袋、眼围皱纹等。

四白穴
：双眼平视时，瞳孔正中央下约二厘米处（或瞳孔直下，当眶下孔凹陷处）

美容应用：眼袋、眼周皱纹、眼轮匝肌痉挛等。

迎香穴
：鼻翼外缘中点旁，鼻唇沟中

美容应用：面痒浮肿、法令纹、粉刺、皮脂溢出症等

巨�s：瞳孔直下与鼻翼下缘相平的凹陷处（鼻唇沟外侧，目中线上）

美容应用：皮肤松驰、肤色不匀、粉刺等

颊车：位于面颊部，下颌角前上方约1横指（中指指宽），当咀嚼时咬肌隆起，按之凹陷处。

额头浮肿和眉间皱纹按摩法

额头皱纹有额头纹和长在眉宇间的川字纹，这是面部表情肌与皮肤相附着，表情肌收缩，皮肤在与表情垂直的方向上形成的动力性皱纹，早期只有表情肌收缩时。皱纹才会出现，当表情肌收缩动力不足时就形成了皱纹。

效果：额头的横纹和竖文都能伸展，使额头变得平滑，呈现出透明感。

眉间横纹

将中指和无名指的第一关节放在额头中部，在额头区域，上下慢慢移动手指，边移边施压，从右到左一次再从左到右一次。

注意：双手同时按摩会产生皱纹，所以务必要分别进行。
合理膳食　改善肤色,饮食美容法是在中医药基础理论的引导下，运用以食物或天然动植物为主的药膳，美化仪表、延缓衰老，保持身体健美的方法。
众所周知，食物是人类赖以生存，维持人体生命健康的重要物质。许多日常食品不仅能够满足人体的日常需要，还具有很�{的美容价值。在饮食美容方面，我国有着悠久的历史，在《
神农本草经
》中，一共有32种药物有美容的作用。唐代的
中医养生
学家孙思邈在《备急千金药方》中，论述了46种药物的美容美体功效，占到所记载药物的29．4%。可见，在古代中医养生学家就认识到饮食美容的作用，并且为我们现代的饮食、药膳美容奠定了基础。
中医所讲的美容不仅仅是表面的健康靓丽，而是注重将容颜与脏腑、
经络
、血气的紧密结合，所以古代中医饮食美容法是美容的鼻祖。饮食美容法主要从人体内部调理脏腑的阴阳平衡，调节经络和血气。因为，食物与药膳相同，也有着寒、热、温、凉的性质。它根据人们不同的年龄、性别、体质，根据自己的需要，食用不同的食物而达到美容的目的。
在我们进行饮食美容之前，大家应该懂得“自诊”，就是通过了解自己的皮肤特征来科学系统地补充营养。下面向读者介绍几种皮肤特征以及改善这种状况的做法。
1．油性皮肤。这种皮肤状况就是肌体表面总是覆盖着大量的油脂，如不及时清理，可能会导致毛孔堵塞，引起粉刺等症状。造成这种状况是由于人体自身的肥胖，或动物脂肪摄入过多。改变这种状态的办法就要多食用一些含有维生素的水果或蔬菜，减少脂肪的摄入量，让人体内部达到酸碱平衡。例如：黄瓜、冬瓜、西瓜、雪梨、白菜、凉瓜、丝瓜等性寒凉的蔬菜水果，都富含维生素，食用后能够清热解毒、减少脂肪，从而改善皮肤的状态。
2．干性皮肤。这种皮肤在春秋两季的反应格外明显，皮肤起皮，甚至干裂。这是由于身体缺水或缺少动物脂肪而引起的。因为水的作用就是令皮肤细腻嫩滑，动物脂肪还能起到滋润皮肤的作用。所以干性皮肤的人群应该食用一些牛羊肉、鸡蛋、牛奶等富含脂肪的食物。
3．黯淡皮肤。这类皮肤是由于黑色素沉积或缺少维生素C而造成的。夏季一定要做好防晒的准备。同时食用一些富含维生素C的食物，如：胡萝卜、红枣、青菜、橙子等。经常食用才能够明显改善皮肤黯淡的状况，使其变得红润而有光泽。
4．有粉剌的皮肤。这类人群就成该少吃一些辛辣的食物，如辣椒等，及各种油炸食品。多饮水、多摄取维生素，才能够得以改善。
,
常见的美容中草药,

中医护肤美容有八大作用，主要有消炎抗菌、增强皮肤弹性、保护皮肤粘膜，预防粉刺、预防雀斑和皱纹、洁净皮肤抗皮脂溢，预防化脓性皮肤病、润泽皮肤，防止老化、敛汗，除汗、减少头皮屑，美化毛发等。
目前已筛选出30多种确有美容疗效的中草药，常见
中药
有以下几种。


当归
：含丰富的微量元素，能营养皮肤，防止粗糙，扩张毛细血管，增强血循环。

升麻、槐花和桔梗具有润泽皮肤、治疗过敏性皮炎和消炎的作用。


枸杞
子：大补气血 ，抗衰老，从而护肤美容。

山药、莲子、百合、红枣嫩能键脾养胃、止泄安神，使皮肤健美。

桃仁、胡麻、熟地、大枫子、杏仁等均有护肤润肤之效。

芦荟：治疗雀斑并有防晒作用。

,
,
“食补”让你的皮肤更加光滑,

想要保持美丽的肌肤，首先必须使身体健康。因此饮食不可偏差，特别是蛋白质及维他命更是肌肤不可缺少的，必须每天均衡摄食。通过一些有效的“食补”，就能使皮肤更加光滑。

1、山芋可使肌肤变光滑

山芋能活化肌肤细胞，对抗粗糙和干燥

山芋有润泽肌肤的作用，使粗糙的肌肤变得光滑。山芋和其他滑溜的蔬菜一样，含具滋养、强壮效果的黏蛋白及各种酵素成分。这些成分可使细胞机能活性化，增进新陈代谢。而这些功用正可强化胃肠、促进消化，改善便秘引起的肌肤粗糙。

山芋拌咸梅干，更能促进新陈代谢美化肌肤。

2、莲藕让肌肤充满迷人光泽

莲藕含丰富的维他命C及矿物质，具有药效，其止血作用更为人所熟知。最近更证明了莲藕有益于心脏，可控制有促进新陈代谢、防止皮肤粗糙的效果。
1 2 下一页

夏季美容果蔬大全,

西红柿。近年来，西方美容界十分推崇西红柿的美容作用。每天以西红柿汁一杯加适量鱼肝油饮用，能使脸色红润、身材丰满。经常用西红柿捣汁洗脸，能使皮肤变得洁净，富有光泽。
西瓜。将吃剩的西瓜皮抹擦面部，坚持数天，可使曝晒的皮肤得到良好保养。

丝瓜。用丝瓜汁与等量的蜂蜜调匀抹脸，用清水洗去，有嫩肤去皱之功效。

木瓜。常食木瓜可以瘦身减肥。

黄瓜。黄瓜含有维生素Ｂ１、Ｂ２和Ｅ以及蛋白质、胡萝卜素等多种成分。对干燥、多皱的皮肤有益。黄瓜还含有丙醇二酸，能抑制糖类转化为脂肪，有助于减肥。

冬瓜。冬瓜也是减肥佳品，低脂、低钠、利尿，故能阻遏碳水化合物向脂肪转化。冬瓜去皮切片，与适量酒、水同煮烂、滤汁后加白蜜０．５千克熬成膏，常以此膏涂面，可除面部黑斑，使皮肤洁白如玉。

土豆。切一片生土豆放在眼上，可以去掉眼睛周围的黑晕。如果指甲上有色斑，可擦土豆汁，让土豆汁在指甲上过一夜，次日早上洗掉即可。

苦瓜。将鲜苦瓜捣烂拌以适量硼砂涂擦患处，可治汗斑。

香蕉。香蕉一个，蜂蜜一茶匙，柠檬汁约２０滴，调和成浆。先将面部洗净，毛巾热敷，使毛孔张开，用美容浆搽面部和颈部，十几分钟后用清水洗掉，可以滋润干性皮肤，起护肤作用。

平胸不用怕 祖传丰胸汤,

决定一个美眉是“波霸族”或是“飞机场”的因素，除了遗传基因之外，“青春期”及“怀孕期”也会影响咪咪的大小，也就是说啊，这两个时期对女生们来说实在太重要了！如果你天生不是波霸一族，就要好好把握这两个时期的机会！

现在，就由我来为各位爱美的美眉们介绍后宫佳丽们为了丰胸养生所食用的药膳汤方或食谱，闲暇有空的时候，不妨就在家烹饪一番，挑选你所喜爱的食谱。

唐林祖传丰胸汤方

材料：鸡大腿肉4支、鸡爪6支


药材
：
当归
、
人参
须、黄耆、
枸杞
子、黑枣、红枣

作法：材料及药材洗干净后，将材料用开水烫过，加入冷水及药材煮滚烫后转小火熬炖约60分钟后即可食用。

这道汤方可以每天食用，鸡腿肉也可替换成全鸡或半鸡，但重点在于鸡爪，一定得多放些鸡爪，煮好吃的时候也一定要吃鸡爪!如果是夏天食用时也可以加入莲藕以防止燥热。

不过，这个汤方绝对不可添加盐或味精等调味料，但可依各人喜好加入米酒。

山药蛤仔排骨汤

材料：排骨、蛤仔

药材：山药、枸杞子、姜丝

作法：将排骨洗净后用开水氽烫过，加入水、山药以及枸杞子煮滚烫后慢火熬炖约20分钟，再加入蛤仔、姜丝以及其他调味料。

这道汤喝起来跟蛤仔排骨汤差不多呢!但是山药的天然荷尔蒙能刺激咪咪的发育，而且煮起来的汤汁甜美;没有什幺药味儿，是最适合害怕
中药
味儿的美眉们了!

木瓜养乐多

材料：木瓜、养乐多4瓶

作法：将木瓜去皮去子后切块，放入果汁机再加入养乐多搅拌即可。

木瓜，不用我多做介绍，相信美眉们都知道它对丰胸的功效，虽然我自己不敢吃木瓜，但许多中医师及营养师都建议想丰胸的人，没事就多吃木瓜，因此提供了这则饮品给喜欢吃木瓜的美眉们。

蚵仔粥

材料：蚵仔、大骨、米、葱花、姜末、香菜

作法：将大骨熬成汤后加米煮成粥，再加入蚵仔及调味料即可。

有些美眉常在减肥时，瘦到不该瘦的地方，唐林建议美眉们在节食的时候，可以吃些蚵仔粥，除了减少米食的摄取之外，同时也补充动物性荷尔蒙，以免体重减轻了，咪咪也变小变平!

揉摩三焦消痤疮,

１、因胃肠机能失调而引起的痤疮：
（１）用手掌或毛刷沿足部阳明胃经，由上而下沿
经络
推擦10遍，并在足三里穴按揉半分钟，以酸胀为度。
（２）用手指从腕至指端，沿手大肠经，手三焦经，手小肠经作按揉摩擦5-10遍。用毛刷垂直地刷腕外侧５遍。

２、青春期痤疮：
在足阳明胃经的足部作由下而上轻快的擦法，并揉太溪、三阴交、殷门诸穴各一分钟，按揉肾俞、命门一分钟，均以酸胀为度，擦涌泉至热为佳。

注意事项：
（１）保持皮肤清洁，用温热水洗脸，每日三次，夏天可增加。
（２）不可挤压痤疮，防止感染。
（３）如痤疮已化脓，应避免直接按揉。
（４）除去不良的生活习惯，少食或忌食肥腻、甘甜、油炸食品，对动物类脂肪应节制。
（５）保持情绪稳定，避免过激心理。
（６）尽量少用化妆品，尤其是油脂类。
（７）洗脸选用脱脂药皂，洗毕可在患处涂些消炎药膏。
（８）根据辩证可内服清热利湿解毒的
中药
或中成药。

养颜美容红豆绿豆红枣粥,中医说，红豆含热量低，富含维生素E及钾、镁、磷、锌、硒等活性成分，具有清热解毒、健脾益胃、利尿消肿、通气除烦、补血等多种功效。绿豆有清热解毒、止渴消暑的功效。红枣具有补中益气、健脾养胃、益精强志等功效。红豆、绿豆和红枣组合起来熬粥吃，真正起到美味又营养的效果。
老中医还把原料、简便做法详细地告诉了我，他让我备好红豆50克，绿豆50克，红枣10颗，山楂2个。把红豆和绿豆用水洗好，放入高压锅内，再把红枣洗好，去核，山楂洗好，去核，放入高压锅内，再放入2000毫升水，烧开后，压阀。烧15分钟后灭火。再等10分钟以后，打开锅，香喷喷的美味营养粥就这样做好了。
这粥没有放一粒米，是真正纯味十足的豆粥，吃起来口感有点绵，有点甜，豆沙香味溢满口，回味悠长。
,
用蜂蜜美容的小偏方,

1、蜂蜜养颜

组成：蜂蜜30克、温开水120克。

用法：内服，日2-3次，或每日擦面按摩后洗净。

功效：这个蜂蜜美容小偏方，可以养颜嫩肢去皱，适用于秋冬季皮肤干裂者。

2、蜂蜜祛痘

组成：蜂蜜和温水

用法：首先用消毒棉签蘸蜂蜜直接点涂在痘痘上，皮肤比较干燥的人，保留约30分钟；油性皮肤约15—20分钟；然后再取1匙蜂蜜溶于1碗温水中，将蜂蜜水轻轻拍在脸上，慢慢按摩脸部，约10分钟，让皮肤吸收，最后再用清水洗一遍脸即可。外涂期间可配合饮用蜂蜜水，每天3次，每次20—50克蜂蜜，美容效果更佳。

1 2 3 下一页

原来茄子皮敷脸也能祛斑,

1、将鲜胡萝卜辟碎挤汁，取10～30毫升，每日早晚用白大夫完脸后涂抹，待干后，洗净。此外，每日喝一杯胡萝卜汁，可
美白
肌肤。
2、将柠檬榨汁，加糖水适量饮用。柠檬中含有大量维生素C、钙、磷、铁等，常饮柠檬汁不仅可美白肌肤，还能使黑色素沉淀，所以白大夫靓白净活肤水有柠檬酸成分。
3、每天喝一杯西红柿汁或常吃西红柿，对防止祛斑有较好的作用。西红柿中含有丰富的谷胱甘肽，谷胱甘肽可抑制黑色素，从而使沉着的色素减退或消失。
4、洗脸时，在水中加1～2汤匙的食醋，有减轻色素沉着的作用。
5、每天吃一片维生素C和维生素E，可达到祛斑的作用，祛斑产品也多含维生素C和维生素E，如白大夫靓白净祛斑霜。
6、用干净的茄子皮敷脸，一段时间后，小斑点就不那幺明显了。

,
肥胖≠丰满 肥胖与丰满的区别,

关于肥胖的定义
我今天想，我是从什幺时候才开始觉得胖呢？多出了10公斤我就开始觉得胖了吗？或者在一间氖照明的试衣间试穿一件新的比基尼的时候？从什幺时候人们开始感到自己的体重带来的困惑？为什幺大部分的女人会为体重而操心，哪怕她们实际上并没有这一问题？
60%自以为胖的女人根本不胖
要是人们问上100位女士，让她们在镜子前评价一下她们的身材，肯定有80%以上的对自己的身材不满，认为自己太胖。实际上的确胖的最多只有20%，那其他的60%是怎幺回事？实际上，可以用以下方法测定我们的体重是否超重。
超级好算身高体重法
还有一个很好的布罗卡公式，它的优点在于很好算。身高以厘米计减去100就得出正常的体重。而上下浮动10%对于布罗卡来说都是可以接受的正常范围，减少15%的话是最理想的体重。布罗卡的最好的地方在于，它不是那幺严格。要是你对一个身高1.80米的模特儿说你的正常体重是72公斤到80公斤，那个如精灵般消瘦的女士可能会吃惊得卧轨的。
腰臀指数0.8以下就不算胖
它可以看出你的腰围和你的臀围的关系是否是种理性的关系，所谓理性的关系是指腰围要比臀围小点。那种理想的身材比例90-60-90只是针对《花花公子》的封面女郎或者那些时尚模特儿的。腰臀指数可以这样来计算，用腰围除以臀围，得出的数字在女性那儿应该在0.8以下，男人可以在1.0以下。这样的话万事OK。至少按照这种方法的设计者来说是没有问题的。
1 2 下一页

,
战“痘”试试中医妙方,美丽的春天，怎幺能让脸上的“青春痘”搅乱迎接愉快的心情呢？预防青春痘应从洗脸开始，长“青春痘”的人在洗脸时注意三点。

一、是选择硫磺香皂或去痘洗面奶；

二、是香皂或洗面奶一定在掌心打起泡沫后，再均匀抹在脸部；

三、是一定要用烧开后自然凉下来的温水。

战“痘”三项原则

1、如果已经有了不少痘痘，一定要注意保持清洁，有的女性为了形象，喜欢拿粉底、遮瑕膏把它遮盖起来，这对恢复不利。

2、对粉刺切勿挤压、按压或摩擦，否则易招致感染、化脓并可残留色素或凹陷性疤痕。

3、有些美容院提供挑痘服务，但这只能限于黑头粉刺、粟丘疹一类，炎性粉刺则不宜，因为皮肤会因此出现破口，易使细菌乘虚而入。
去雀斑美白靓方,脸上有点点雀斑真是很烦人的事，能不能不去美容院就能去掉雀斑呢?

试试下面这几种方法吧：

1、每天吃一片维生素C和维生素E，可达到祛斑的作用。

2、用干净的茄子皮敷脸，一段时间后，小斑点就不那幺明显了。

3、每天喝一杯西红柿汁或常用西红柿，对防止祛斑有较好的作用。因为西红柿中含有丰富的谷胱甘肽，谷胱甘肽可抑制黑色素，从而使沉着的色素减退或消失。

4、洗脸时，在水中加1-2汤匙的食醋，有减轻色素沉着的作用。

5、将鲜明萝卜辟碎挤汁，取10-30毫升，每日上晚洗完脸后涂抹，待干后，洗净。此外，每日喝一杯胡萝卜，可
美白
肌肤。

6、将柠檬汁搅汁，加糖水适量饮用。柠檬中含有大量维生素C、钙、磷、铁等。常饮柠檬汁不仅可美白肌肤，还能使黑色素沉淀，达到祛斑的作用。
,
民间中医小偏方 补水美白两不误,


健康透亮比选粉底色号更重要

肝、脾、肾要养好

常有人向医师反应，都为
美白
，投资买了许多瓶瓶罐罐，却还是敌不过暗沉、蜡黄的气色!这时候就该反思生活型态是不是不够健康，转向五脏六腑精气的调理吧。不同于西医讲求直接淡化黑色素，中医更讲求调气、排毒，所谓中医美白，肤质的透明、亮泽度，比认真选粉底色号深浅更重要，其中，肝、脾、肾就是三个调理重点。

肝常紧张、生气，就会造成所谓的肝郁气滞，出现黄黄的脸色。

脾偏食会伤脾脏，排毒差、气血慢，不但会导致肤色黯沉，更容易累积黑斑。

肾常生病、过劳会伤肾，造成虚火太旺，会使肌肤上爱乱长东西，变成小花脸。

医师说 总结来说，吃得好，睡得好，心情好，就是养内脏最好的良方妙药啦!

说到
中药
补身，大家最怕苦药味和煎煮麻烦，在这里中药医师要教大家一套既美味又方便的“时辰.
经络
美白法”，根据早、午、晚的经络走向，各调配一道简单美白轻食补气排毒，不擅做菜的人也能轻松上手哦!

早上7 00-11 00点——绿豆豆浆

上午经络走到胃和大肠经，是重要的美容经络，淀粉和丰富蛋白质，有很好的解毒、美白效果，吃完早餐煮一杯绿豆豆浆去上班，上午的排毒都顾到了。

食谱 买一人份的豆浆，放进适量玫瑰和绿豆煮到绿豆松软就可能喝。

1 2 下一页

怎样吃才能减少皱纹？,

皱纹是女性的天敌，爱美之心人皆有之，青春永驻永远是女性最喜欢的祝福，虽然我们不能长生不老也不能青春永驻，但是我们可以推迟皱纹出现的年龄段，那幺，有什幺方法才能让我们没有皱纹呢?怎样吃减少皱纹呢?

怎样吃减少皱纹?中医认为，皱纹是因为皮肤缺少水分，导致皮肤干燥，会让皮肤的表面脂肪减少，弹性下降的结果。通过对饮食结构的调整可以逐渐消除皱纹，延缓皮肤衰老。以下几点，可得记住，对去皱纹是很有帮助的。

1.多吃酸牛奶和肉皮

人的皮肤表面每天都会有细胞死亡，酸牛奶中的酸性物质，会帮助人们软化皮肤的黏性物质，去除死细胞，在此过程中皱纹也可消除。多吃肉皮，能使贮存水功能低下的组织细胞得到改善，同时人体可利用肉皮中的营养物质，充分合成胶原蛋白，然后通过体内与胶原蛋白结合的水，去影响特定组织的生理功能，减少皱纹使皮肤保持光滑。

2.多吃富含核酸的食物

核酸属于一种生命信息物质，它不仅在蛋白质生物合成中起着重要作用，而且影响到其它各类代谢方式和代谢速度。核酸可以帮助人们延缓衰老，又能健肤美容。经科学验证，女性每天服用核酸约800毫克，多种维生素片1片，4周后脸部皱纹大部分消失，粗糙皮肤变得光滑细腻，老年斑也逐渐减少。含核酸丰富的食物有鱼、虾、动物肝脏、酵母、蘑菇、木耳、花粉等。

3.多吃富含软骨素硫酸的食物

中医认为影响皮肤的主要就是真皮，所以护理真皮才是最重要的。真皮由富有弹性的纤维构成，而构成弹性纤维最重要的物质是软骨素硫酸。因此，只要多吃含软骨素丰富的食物，就可以消除皱纹，使皮肤保持细腻，富有弹性。软骨素主要存于鸡皮、鱼翅、鲑鱼头部等软骨内。


中医美容
最常用的方法就是食物疗法，因为中医注重的是调理，
中药
也许会对人体有伤害，而食物是没有任何害处的，天然的食物疗法，不仅对身体没有害处，而且还会补充人体所缺乏的营养，怎样吃减少皱纹呢?看了以上方法，你是不是了解了呢?

推荐阅读：中医食疗去雀斑

花草美容 让皮肤亮起来,

爱美的女孩子不妨选一些鲜花自制养颜护扶品，不但别有情趣，而且健康安全，还会收到妙不可言的美肤效果。
五颜六色的鲜花是大自然最具灵性的精华，爱美的女孩子不妨选一些鲜花自制养颜护扶品，不但别有情趣，而且健康安全，还会收到妙不可言的美肤效果。

玫瑰洁肤水选取未全开的玫瑰（鲜品为佳）50克，浸入香醋中静置一周，然后兑入适量的冷开水制成洁肤水，早晚用它洗面。可彻底去除面疱、粉刺，使肌肤变得光滑柔嫩。

菊花面膜菊花含有丰富的香精油、菊花素，可有效抑制皮肤黑色素的产生，柔化表皮细胞。将适量鲜菊花捣烂与蛋清拌匀敷面，能
美白
肌肤，去除皱纹。

李花面膜李花花色洁白秀丽，味苦气香。将适量李花捣烂与少许蜂蜜调匀后敷面，可使肌肤细腻嫩白。



茉莉花清爽液取未全开的花朵适量，浸入冷开水中，密封静置5-7日后，兑入少许医用酒精。洗脸后涂抹在面部，并轻轻拍打几遍，可收缩毛孔，清爽肌肤。

百合美白液将适量百合花瓣装入玻璃瓶内，注入少许医用酒精后摇匀，密封静置1个月后，以2倍的冷开水稀释。早晚洗脸后，将液体拍在面部，对皮肤有美白作用，尤其对油性皮肤效果更佳。

桃花护肤液桃花是最好的养颜美容之品，内含丰富的山奈酚和香豆精。将新开的花朵浸入白醋中或低度纯粮酒内，静置1周后，液色微红即成。洗脸后取少许甘油与之相揉擦脸，或取1匙液体兑入洗脸水中洗面部。长期使用可延缓衰老，使人面若桃花，增添娇色。

小编推荐：想减肥，却不知道选择哪种方法？不妨来了解
针灸减肥
，真正的绿色减肥方法。[详情请看>>>>针灸减肥 真“绿色”]

,
中医美白秘方 《本草纲目》中的美肤蔬果,

李时珍《本草纲目》中记载，豌豆，“去黑黯、令面光泽”，明确表明了豌豆是一种美容食物。现代研究证实，豌豆中富含维生素A原，人体食用后，维生素A原可迅速转化成维生素A，而维生素A有润泽皮肤的作用。

中医认为，白萝卜可“利五脏、令人白净肌肉”。白萝卜之所以具有这种功能，是由于其含有丰富的维生素C。维生素C为抗氧化剂，能抑制黑色素合成，阻止脂肪氧化，防止脂褐质沉积。因此，常食白萝卜可使皮肤白净细腻。

胡萝卜：

胡萝卜被誉为“皮肤食品”，能润泽肌肤。另外，胡萝卜含有丰富的果胶物质，可与汞结合，使人体里的有害成分得以排除，肌肤看起来更加细腻红润。

甘薯：

甘薯含大量粘蛋白，维生素C也很丰富，维生素A原含量接近于胡萝卜的含量。常吃甘薯能降胆固醇，减少皮下脂肪，补虚乏，益气力，健脾胃，益肾阳，从而有助于美容。

蘑菇：

蘑菇营养丰富，富含蛋白质和维生素，脂肪低，无胆固醇。食用蘑菇会使女性雌激素分泌更旺盛，能防老抗衰，使肌肤艳丽。

黄瓜：

黄瓜含有大量的维生素和游离氨基酸，还有丰富的果酸，能清洁
美白
肌肤，消除晒伤和雀斑，缓解皮肤过敏，是传统的养颜圣品。

冬瓜：

冬瓜含微量元素锌、镁。锌可以促进人体生长发育，镁可以使人精神饱满，面色红润，皮肤白净。

为你的皮肤补补水吧,

为皮肤补水，多喝一些靓汤和美肤饮料。如清口的蔬菜、鲜茶等。下面介绍几款春季滋补靓汤。
【冬瓜汤】

用料：冬瓜500克，鸡汤750克，冬菇2只，鸡胸肉50克，火腿20克，鲜虾50克，瘦猪肉30克。

做法：1、将冬瓜放入锅内加鸡汤，大火煮10分钟;2、加鸡肉、冬菇和其他配料煮五分钟，加盐、味精、香油即可。

【鸡丝汤】

用料：鸡脯肉75克，火腿15克，冬菇15克，鸡蛋1个，淀粉20克，清汤375克。

做法：1、将鸡脯肉切成丝，放入蛋清、淀粉拌好，放入沸水中稍烫后取出放入汤碗内;2、将火腿丝冬菇丝连同清汤倒入锅中，加盐、胡椒粉旺火烧至汤沸后，冲入装鸡丝的汤碗内即可。

【核桃肉煲牛月展汤】

用料：牛月展450克，核桃肉80克，淮山20克，杞子2汤匙，姜1片，龙眼肉1汤匙。

做法：1.核桃肉放入锅中(不用油)，慢火炒5分钟取出。或者放入烤炉，慢火10分钟取出，这样可以除去核桃的异味。2.淮山、杞子、龙眼肉洗净。3.牛月展放人滚水中煮5分钟，捞起洗净。4.核桃肉放人滚水中煮3分钟，捞起洗净。5.把适量水烧滚，放入牛月展、核桃、淮山、杞子、龙眼肉、姜煮开，慢火煲3个半小时，放盐调味。除此之外，中医理论认为春季是多风季节，风多易燥，常常会有咽干、口渴、咳嗽等现象。因此多喝蜂蜜，也是为身体“补水”的保健饮品。每天早晚冲上一杯蜂蜜水，既可润肠通便又可预防感冒，还有清除体内毒素的作用。

,
,
,
,
,
,
,
,
,
,
,
,
,
,
,
,
,
,
,
,
,
,
,
,
,
,
,
,
,
,
,
,
,
,
,
,
,
,
,
,
,
,
,
,
,
,
,
,
,
,
,
,
,
,
,
,
,
,
,
,
,
,
,
,
,
,
,
,
,
,
,
,
,
,
,
,
,
,
,
,
,
,
,
,
,
,
,
,
,
,
,
,
,
,
,
,
,
,
,
,
,
,
,
,
,
,
,
,
,
,
,
,
,
,
,
,
,
,
,
,
,
,
,
,
,
,
,
,
,
,
,
,
,
,
,
,
,
,
,
,
,
,
,
,
,
,
,
,
,
,
,
,
,
,
,
,
,
,
,
,
,
,
,
,
,
,
,
,
,
,
,
,
,
,
,
,
,
,
,
,
,
,
,
,
,
,
,
,
,
,
,
,
,
,
,
,
,
,
,
,
,
,
,
,
,
,
,
,
,
,
,
,
,
,
,
,
,
,
,
,
,
,
,
,
,
,
,
,
,
,
,
,
,
,
,
,
,
,
,
,
,
,
,
,
,
,
,
,
,
,
,
,
,
,
,
,
,
,
,
,
,
,
